115,Red Rice,Rato Chamal,रातो चामल,Red Rice (Rato Chamal - रातो चामल),Staple,Cooked red rice,per 100 g edible portion,139.1,1.196,0.218,0.308,0.371,27.69,0.454,2.914,1.32,0,4.265,63.71,2.619,0.074,9.996,0,0.042,1.323,0.379,0.123,0,0,0.197,0.837,11.12,0.128,0.932,26.84,0.655,80.54,121.7,4.735,0.738,21.73,"Approximate; raw foods reference-style, prepared foods recipe estimate"
116,Basmati Rice,Basmati Bhat,बासमती भात,Basmati Rice (Basmati Bhat - बासमती भात),Staple,Cooked basmati rice,per 100 g edible portion,124.6,1.082,0.177,0.31,0.401,27.51,0.462,3.45,1.246,0,4.475,73.35,3.208,0.079,10.66,0,0.043,1.383,0.384,0.108,0,0,0.209,0.997,11.61,0.127,1.089,29.22,0.619,87.64,98.87,4.979,0.791,23.49,"Approximate; raw foods reference-style, prepared foods recipe estimate"
117,Jeera Rice,Jeera Bhat,जिरा भात,Jeera Rice (Jeera Bhat - जिरा भात),Prepared Meal,Rice cooked with cumin,per 100 g edible portion,180.9,6.465,1.289,2.302,2.225,24.13,2.464,7.255,1.99,16.2,440.8,62.09,55.45,0.095,31.17,0.225,0.089,1.463,0.371,0.155,5.426,0.086,0.592,6.012,32.88,0.142,1.423,31.62,0.36,104.8,202.7,6.411,1.02,44.37,"Approximate; raw foods reference-style, prepared foods recipe estimate"
118,Ghee Rice,Ghyu Bhat,घिउ भात,Ghee Rice (Ghyu Bhat - घिउ भात),Prepared Meal,Rice with ghee,per 100 g edible portion,195.5,6.142,1.261,1.876,1.941,23.0,2.501,5.908,2.446,17.88,404.6,60.84,54.71,0.091,33.86,0.208,0.086,1.548,0.317,0.158,5.708,0.099,0.596,6.368,30.3,0.145,1.373,32.96,0.358,105.8,217.1,5.455,0.89,41.89,"Approximate; raw foods reference-style, prepared foods recipe estimate"
119,Lemon Rice,Kagati Bhat,कागती भात,Lemon Rice (Kagati Bhat - कागती भात),Prepared Meal,Seasoned lemon rice,per 100 g edible portion,166.3,6.084,1.38,2.301,1.936,25.08,2.221,6.063,1.993,20.87,327.0,57.05,56.29,0.087,40.36,0.217,0.086,1.335,0.368,0.16,6.24,0.097,0.638,5.511,30.49,0.153,1.346,26.95,0.33,121.9,208.3,5.03,1.086,39.96,"Approximate; raw foods reference-style, prepared foods recipe estimate"
120,Millet Roti,Kodo ko Roti,कोदोको रोटी,Millet Roti (Kodo ko Roti - कोदोको रोटी),Bread,Finger millet flatbread,per 100 g edible portion,244.1,4.94,0.951,1.45,1.943,47.34,2.127,8.53,3.866,0,343.5,34.32,4.442,0.185,30.89,0,0.072,2.217,0.334,0.139,0,0,0.63,1.973,26.78,0.179,2.152,57.96,0.924,180.1,185.4,17.49,1.521,58.86,"Approximate; raw foods reference-style, prepared foods recipe estimate"
121,Maize Roti,Makai ko Roti,मकैको रोटी,Maize Roti (Makai ko Roti - मकैको रोटी),Bread,Corn flatbread,per 100 g edible portion,242.8,5.149,1.098,1.48,2.18,42.05,1.794,7.162,3.657,0,353.9,36.96,4.621,0.199,29.7,0,0.072,2.48,0.364,0.156,0,0,0.537,1.721,27.9,0.218,2.012,50.36,0.882,159.0,172.9,14.82,1.566,52.33,"Approximate; raw foods reference-style, prepared foods recipe estimate"
122,Barley Roti,Jau ko Roti,जौको रोटी,Barley Roti (Jau ko Roti - जौको रोटी),Bread,Barley flatbread,per 100 g edible portion,234.9,4.863,1.031,1.439,1.826,48.91,1.912,7.397,3.544,0,354.4,30.09,4.214,0.158,35.24,0,0.074,2.767,0.311,0.162,0,0,0.591,2.16,27.19,0.184,1.964,59.88,0.993,186.0,177.1,14.18,1.258,53.07,"Approximate; raw foods reference-style, prepared foods recipe estimate"
123,Rice Flour Roti,Chamal ko Roti,चामलको रोटी,Rice Flour Roti (Chamal ko Roti - चामलको रोटी),Bread,Rice flour flatbread,per 100 g edible portion,228.6,4.402,1.003,1.536,1.807,43.65,2.215,8.044,3.889,0,301.7,29.95,4.118,0.163,32.86,0,0.073,2.227,0.341,0.16,0,0,0.548,1.728,26.65,0.21,2.028,54.87,0.924,191.3,172.9,15.14,1.551,56.67,"Approximate; raw foods reference-style, prepared foods recipe estimate"
124,Plain Paratha,Sada Paratha,सादा पराठा,Plain Paratha (Sada Paratha - सादा पराठा),Bread,Pan-fried wheat flatbread,per 100 g edible portion,279.2,4.525,1.08,1.503,1.849,41.02,2.151,7.643,3.989,0,294.1,36.12,3.288,0.168,34.41,0,0.086,2.298,0.389,0.142,0,0,0.577,2.052,25.57,0.178,1.888,61.52,1.054,185.4,179.3,18.12,1.517,55.35,"Approximate; raw foods reference-style, prepared foods recipe estimate"
125,Methi Paratha,Methi Paratha,मेथी पराठा,Methi Paratha (Methi Paratha - मेथी पराठा),Bread,Fenugreek flatbread,per 100 g edible portion,231.2,5.01,0.938,1.481,2.204,41.16,1.975,8.232,3.97,0,291.5,35.66,3.896,0.195,30.18,0,0.078,2.287,0.388,0.163,0,0,0.614,1.848,27.04,0.197,2.012,53.03,0.939,164.8,189.5,13.38,1.498,57.76,"Approximate; raw foods reference-style, prepared foods recipe estimate"
126,Paneer Paratha,Paneer Paratha,पनीर पराठा,Paneer Paratha (Paneer Paratha - पनीर पराठा),Bread,Paneer-stuffed flatbread,per 100 g edible portion,259.3,4.635,1.095,1.482,2.222,49.12,2.044,7.045,3.525,0,285.0,37.88,4.134,0.17,27.48,0,0.083,2.497,0.327,0.151,0,0,0.648,1.914,25.75,0.181,1.89,56.86,0.888,197.4,195.3,18.16,1.366,51.41,"Approximate; raw foods reference-style, prepared foods recipe estimate"
127,Cauliflower Paratha,Kauli Paratha,काउली पराठा,Cauliflower Paratha (Kauli Paratha - काउली पराठा),Bread,Cauliflower-stuffed flatbread,per 100 g edible portion,257.1,4.756,1.104,1.33,1.979,48.8,2.181,7.789,4.201,0,300.6,33.86,3.445,0.178,33.46,0,0.086,2.547,0.386,0.149,0,0,0.659,1.99,26.82,0.212,2.321,48.52,1.014,200.8,170.0,17.17,1.287,57.4,"Approximate; raw foods reference-style, prepared foods recipe estimate"
128,Radish Paratha,Mula Paratha,मूला पराठा,Radish Paratha (Mula Paratha - मूला पराठा),Bread,Radish-stuffed flatbread,per 100 g edible portion,235.7,5.409,1.113,1.337,2.215,47.65,1.814,7.353,4.314,0,306.3,36.35,3.299,0.16,31.1,0,0.088,2.38,0.36,0.158,0,0,0.607,2.166,28.84,0.222,2.034,51.05,0.945,178.9,197.2,18.21,1.559,56.42,"Approximate; raw foods reference-style, prepared foods recipe estimate"
129,Chapati,Chapati,चपाती,Chapati (Chapati - चपाती),Bread,Whole wheat flatbread,per 100 g edible portion,273.0,4.811,1.04,1.395,2.196,41.79,1.855,8.207,3.875,0,370.3,31.01,3.85,0.184,30.07,0,0.073,2.63,0.39,0.157,0,0,0.63,1.896,31.28,0.183,1.944,52.77,1.084,173.8,183.7,14.32,1.508,56.81,"Approximate; raw foods reference-style, prepared foods recipe estimate"
130,Tandoori Roti,Tandoori Roti,तन्दुरी रोटी,Tandoori Roti (Tandoori Roti - तन्दुरी रोटी),Bread,Clay-oven wheat flatbread,per 100 g edible portion,231.7,4.77,0.938,1.443,1.867,47.57,1.99,8.836,3.813,0,266.4,30.09,3.683,0.163,30.86,0,0.089,2.257,0.363,0.163,0,0,0.644,1.647,29.28,0.201,2.225,49.37,1.101,193.0,177.9,14.28,1.282,59.37,"Approximate; raw foods reference-style, prepared foods recipe estimate"
131,Naan,Naan,नान,Naan (Naan - नान),Bread,Leavened wheat flatbread,per 100 g edible portion,245.4,4.985,0.914,1.614,1.997,45.92,2.059,8.709,3.648,0,282.7,37.57,3.638,0.19,34.02,0,0.074,2.558,0.317,0.141,0,0,0.642,2.274,25.37,0.179,2.277,50.71,0.935,179.5,197.6,16.7,1.241,58.42,"Approximate; raw foods reference-style, prepared foods recipe estimate"
132,Butter Naan,Butter Naan,बटर नान,Butter Naan (Butter Naan - बटर नान),Bread,Butter-topped naan,per 100 g edible portion,269.7,4.91,0.918,1.463,2.047,50.31,1.898,8.818,3.96,0,339.6,30.45,4.604,0.177,30.11,0,0.089,2.3,0.309,0.139,0,0,0.668,1.719,25.68,0.211,1.984,60.05,0.891,161.4,176.3,16.91,1.487,59.54,"Approximate; raw foods reference-style, prepared foods recipe estimate"
133,Kulcha,Kulcha,कुल्चा,Kulcha (Kulcha - कुल्चा),Bread,Leavened flatbread,per 100 g edible portion,238.9,4.848,0.898,1.674,2.108,40.03,1.798,8.555,3.885,0,357.8,33.66,3.597,0.163,26.63,0,0.078,2.305,0.327,0.135,0,0,0.611,1.986,30.47,0.209,1.981,49.91,1.083,183.1,177.8,13.52,1.357,58.25,"Approximate; raw foods reference-style, prepared foods recipe estimate"
134,Laphing,Laphing,लाफिङ,Laphing (Laphing - लाफिङ),Prepared Meal,Spicy mung-bean starch noodles,per 100 g edible portion,164.7,6.663,1.381,2.293,1.886,23.64,2.764,7.058,2.312,20.27,313.8,58.95,47.93,0.093,36.9,0.172,0.082,1.407,0.382,0.14,6.689,0.088,0.664,6.92,28.98,0.13,1.266,30.36,0.372,106.5,177.3,5.348,0.971,44.55,"Approximate; raw foods reference-style, prepared foods recipe estimate"
135,Rice Noodles,Chamal ko Chau Chau,चामलको चाउचाउ,Rice Noodles (Chamal ko Chau Chau - चामलको चाउचाउ),Staple,Cooked rice noodles,per 100 g edible portion,131.9,1.005,0.179,0.315,0.39,27.19,0.519,3.39,1.325,0,4.759,69.49,2.8,0.088,12.77,0,0.037,1.405,0.377,0.126,0,0,0.188,1.126,11.04,0.122,1.012,31.72,0.533,82.15,111.5,5.495,0.769,23.73,"Approximate; raw foods reference-style, prepared foods recipe estimate"
136,Wheat Noodles,Gahun ko Chau Chau,गहुँको चाउचाउ,Wheat Noodles (Gahun ko Chau Chau - गहुँको चाउचाउ),Staple,Cooked wheat noodles,per 100 g edible portion,122.3,0.98,0.19,0.266,0.436,28.98,0.519,3.058,1.56,0,4.296,69.4,2.737,0.08,11.76,0,0.042,1.513,0.368,0.13,0,0,0.221,0.917,11.71,0.116,0.899,27.48,0.567,76.63,117.9,5.052,0.811,23.27,"Approximate; raw foods reference-style, prepared foods recipe estimate"
137,Corn Porridge,Makai ko Lito,मकैको लिटो,Corn Porridge (Makai ko Lito - मकैको लिटो),Staple,Cooked corn porridge,per 100 g edible portion,144.0,0.994,0.223,0.296,0.378,24.84,0.465,3.438,1.336,0,5.144,74.09,2.849,0.075,12.94,0,0.044,1.402,0.351,0.133,0,0,0.221,0.871,11.39,0.134,1.016,28.69,0.61,95.18,108.3,5.253,0.822,23.76,"Approximate; raw foods reference-style, prepared foods recipe estimate"
138,Millet Porridge,Kodo ko Lito,कोदोको लिटो,Millet Porridge (Kodo ko Lito - कोदोको लिटो),Staple,Cooked millet porridge,per 100 g edible portion,143.5,0.974,0.221,0.289,0.378,25.25,0.489,3.482,1.262,0,5.26,61.78,2.752,0.081,10.24,0,0.042,1.497,0.359,0.123,0,0,0.193,1.161,10.9,0.119,0.992,26.67,0.597,89.33,104.7,5.508,0.709,23.34,"Approximate; raw foods reference-style, prepared foods recipe estimate"
139,Barley Porridge,Jau ko Lito,जौको लिटो,Barley Porridge (Jau ko Lito - जौको लिटो),Staple,Cooked barley porridge,per 100 g edible portion,118.6,1.085,0.182,0.324,0.435,29.27,0.458,3.527,1.447,0,5.26,70.91,2.627,0.074,10.54,0,0.041,1.51,0.356,0.11,0,0,0.185,1.125,11.74,0.124,1.113,31.74,0.553,78.6,108.4,5.717,0.876,25.0,"Approximate; raw foods reference-style, prepared foods recipe estimate"
140,Green Gram Dal,Mung Dal,मुङ दाल,Green Gram Dal (Mung Dal - मुङ दाल),Pulse,Cooked mung dal,per 100 g edible portion,107.5,1.238,0.206,0.331,0.608,18.67,1.618,8.654,5.937,0,7.02,69.03,7.821,0.121,105.7,0,0.06,0.979,0.387,0.152,2.014,0,0.206,3.433,38.67,0.228,2.264,47.85,0.651,117.6,307.8,2.385,1.041,70.91,"Approximate; raw foods reference-style, prepared foods recipe estimate"
141,Split Chickpea Dal,Chana Dal,चना दाल,Split Chickpea Dal (Chana Dal - चना दाल),Pulse,Cooked split chickpeas,per 100 g edible portion,107.9,1.262,0.206,0.291,0.544,22.05,1.981,7.367,6.324,0,8.777,74.02,6.901,0.136,119.7,0,0.059,0.955,0.446,0.174,1.878,0,0.176,3.388,33.76,0.224,2.119,49.64,0.615,136.8,294.2,2.656,1.056,67.6,"Approximate; raw foods reference-style, prepared foods recipe estimate"
142,Horse Gram,Gahat,गहत,Horse Gram (Gahat - गहत),Pulse,Cooked horse gram,per 100 g edible portion,113.2,1.344,0.204,0.29,0.488,20.44,1.907,8.195,5.924,0,9.236,65.28,6.773,0.124,103.2,0,0.061,0.967,0.369,0.166,1.818,0,0.2,2.915,37.05,0.267,2.211,44.4,0.642,129.5,279.9,2.563,1.214,68.5,"Approximate; raw foods reference-style, prepared foods recipe estimate"
143,Black-Eyed Pea Curry,Bodi ko Tarkari,बोडीको तरकारी,Black-Eyed Pea Curry (Bodi ko Tarkari - बोडीको तरकारी),Pulse,Cooked black-eyed peas,per 100 g edible portion,121.0,1.179,0.19,0.279,0.551,19.59,1.862,7.428,6.155,0,7.669,68.71,8.655,0.121,123.4,0,0.059,1.092,0.383,0.162,1.951,0,0.195,3.21,38.98,0.258,2.299,47.15,0.663,121.2,284.0,2.215,1.232,67.45,"Approximate; raw foods reference-style, prepared foods recipe estimate"
144,White Pea Curry,Seto Kerau,सेतो केराउ,White Pea Curry (Seto Kerau - सेतो केराउ),Pulse,Cooked white peas,per 100 g edible portion,121.7,1.321,0.197,0.326,0.533,20.98,1.749,7.895,5.985,0,8.833,69.79,9.057,0.145,98.24,0,0.06,1.099,0.401,0.175,1.938,0,0.214,3.368,36.71,0.266,2.004,48.13,0.658,135.6,271.8,2.09,1.213,67.41,"Approximate; raw foods reference-style, prepared foods recipe estimate"
145,Field Pea Curry,Kerau ko Dal,केराउको दाल,Field Pea Curry (Kerau ko Dal - केराउको दाल),Pulse,Cooked field peas,per 100 g edible portion,110.7,1.447,0.197,0.328,0.598,22.33,1.641,7.582,6.564,0,7.995,66.84,7.468,0.116,111.6,0,0.061,0.91,0.36,0.178,1.776,0,0.188,3.329,34.45,0.243,2.386,44.57,0.554,123.6,320.2,2.781,1.109,70.08,"Approximate; raw foods reference-style, prepared foods recipe estimate"
146,Broad Bean Curry,Bakulla Tarkari,बकुल्ला तरकारी,Broad Bean Curry (Bakulla Tarkari - बकुल्ला तरकारी),Pulse,Cooked broad beans,per 100 g edible portion,132.2,1.19,0.183,0.302,0.584,22.18,1.775,7.228,6.091,0,8.952,61.94,9.277,0.123,126.7,0,0.064,1.015,0.397,0.149,2.237,0,0.179,2.659,32.19,0.261,2.094,47.5,0.639,121.2,317.0,2.067,1.232,66.15,"Approximate; raw foods reference-style, prepared foods recipe estimate"
147,Soybean Curry,Bhatmas Tarkari,भटमास तरकारी,Soybean Curry (Bhatmas Tarkari - भटमास तरकारी),Pulse,Cooked soybean curry,per 100 g edible portion,131.5,1.327,0.18,0.289,0.558,22.12,1.8,7.469,6.282,0,7.903,69.03,9.063,0.141,101.3,0,0.057,0.936,0.42,0.156,2.06,0,0.217,3.098,32.29,0.247,2.072,41.34,0.564,129.2,289.1,2.189,0.991,67.09,"Approximate; raw foods reference-style, prepared foods recipe estimate"
148,Sprouted Mung,Ankurit Mung,अंकुरित मुङ,Sprouted Mung (Ankurit Mung - अंकुरित मुङ),Pulse,Raw/lightly steamed mung sprouts,per 100 g edible portion,113.9,1.448,0.202,0.288,0.517,19.88,1.744,8.495,5.624,0,6.572,72.61,6.702,0.115,116.0,0,0.063,1.102,0.371,0.142,1.97,0,0.218,3.492,31.6,0.233,2.329,46.38,0.587,128.1,303.6,2.091,1.025,68.6,"Approximate; raw foods reference-style, prepared foods recipe estimate"
149,Sprouted Chickpea,Ankurit Chana,अंकुरित चना,Sprouted Chickpea (Ankurit Chana - अंकुरित चना),Pulse,Raw/lightly steamed chickpea sprouts,per 100 g edible portion,128.8,1.323,0.194,0.291,0.489,20.55,1.609,7.196,5.545,0,8.999,65.26,8.424,0.116,114.1,0,0.062,1.026,0.393,0.169,2.082,0,0.196,3.334,33.6,0.274,1.954,39.76,0.616,129.5,292.9,2.138,1.002,62.51,"Approximate; raw foods reference-style, prepared foods recipe estimate"
150,Mixed Dal,Mishrit Dal,मिश्रित दाल,Mixed Dal (Mishrit Dal - मिश्रित दाल),Pulse,Mixed lentil soup,per 100 g edible portion,111.3,1.415,0.195,0.302,0.581,19.64,1.676,8.094,5.385,0,8.754,71.53,8.186,0.115,106.0,0,0.054,0.953,0.406,0.175,1.9,0,0.213,3.004,38.65,0.251,2.449,48.63,0.661,131.0,329.3,2.111,0.99,67.13,"Approximate; raw foods reference-style, prepared foods recipe estimate"
151,Mung Dal Soup,Mung ko Jhol,मुङको झोल,Mung Dal Soup (Mung ko Jhol - मुङको झोल),Pulse,Thin mung soup,per 100 g edible portion,70.45,1.245,0.218,0.282,0.614,21.39,1.896,7.248,6.393,0,10.36,82,7.414,0.124,92.26,0,0.066,0.955,0.4,0.164,1.953,0,0.222,2.646,35.39,0.232,2.12,46.72,0.584,140.5,285.9,2.13,0.983,67.34,"Approximate; raw foods reference-style, prepared foods recipe estimate"
152,Chana Soup,Chana ko Jhol,चनाको झोल,Chana Soup (Chana ko Jhol - चनाको झोल),Pulse,Thin chickpea soup,per 100 g edible portion,80.46,1.369,0.178,0.267,0.492,18.48,1.956,7.323,6.22,0,7.754,82,7.61,0.125,110.7,0,0.065,1.066,0.417,0.153,2.151,0,0.177,2.632,37.48,0.26,2.125,45.88,0.531,143.3,284.6,2.541,0.999,66.89,"Approximate; raw foods reference-style, prepared foods recipe estimate"
153,Gahat Soup,Gahat ko Jhol,गहतको झोल,Gahat Soup (Gahat ko Jhol - गहतको झोल),Pulse,Horse gram soup,per 100 g edible portion,71.31,1.253,0.183,0.325,0.611,18.72,1.775,8.15,5.848,0,8.108,82,9.352,0.13,94.78,0,0.053,1.014,0.355,0.147,1.966,0,0.199,2.916,37.94,0.224,2.296,48.71,0.55,140.9,316.0,2.794,1.12,68.93,"Approximate; raw foods reference-style, prepared foods recipe estimate"
154,Masuro Soup,Masuro ko Jhol,मसुरोको झोल,Masuro Soup (Masuro ko Jhol - मसुरोको झोल),Pulse,Thin red lentil soup,per 100 g edible portion,83.14,1.208,0.182,0.286,0.555,20.0,1.612,8.436,6.189,0,8.979,82,8.273,0.137,99.9,0,0.055,1.049,0.439,0.171,1.926,0,0.184,3.037,36.03,0.254,2.245,43.91,0.573,145.5,293.9,2.382,1.077,70.74,"Approximate; raw foods reference-style, prepared foods recipe estimate"
155,Rahar Soup,Rahar ko Jhol,रहरको झोल,Rahar Soup (Rahar ko Jhol - रहरको झोल),Pulse,Thin pigeon pea soup,per 100 g edible portion,83.28,1.146,0.209,0.324,0.487,20.12,1.753,8.427,5.825,0,8.709,82,8.095,0.135,102.7,0,0.063,1.07,0.363,0.146,1.817,0,0.21,2.972,35.62,0.272,2.149,43.19,0.606,127.5,273.5,2.272,1.229,68.49,"Approximate; raw foods reference-style, prepared foods recipe estimate"
156,Dal with Spinach,Saag Dal,साग दाल,Dal with Spinach (Saag Dal - साग दाल),Prepared Meal,Lentils cooked with greens,per 100 g edible portion,167.2,6.346,1.279,2.088,1.777,26.27,2.266,6.848,2.343,19.86,354.0,64.02,50.17,0.094,34.76,0.222,0.078,1.412,0.37,0.156,5.288,0.112,0.54,4.947,27.76,0.128,1.384,31.77,0.354,120.9,180.7,5.678,1.025,43.99,"Approximate; raw foods reference-style, prepared foods recipe estimate"
157,Dal with Tomato,Golbheda Dal,गोलभेँडा दाल,Dal with Tomato (Golbheda Dal - गोलभेँडा दाल),Prepared Meal,Lentils cooked with tomato,per 100 g edible portion,159.0,5.424,1.362,2.243,1.782,22.65,2.689,6.693,2.11,15.99,337.9,63.95,50.6,0.087,30.35,0.235,0.083,1.459,0.321,0.144,5.603,0.112,0.636,6.937,29.2,0.156,1.291,32.72,0.37,116.6,213.1,6.378,1.043,42.73,"Approximate; raw foods reference-style, prepared foods recipe estimate"
158,Dal with Pumpkin,Farsi Dal,फर्सी दाल,Dal with Pumpkin (Farsi Dal - फर्सी दाल),Prepared Meal,Lentils cooked with pumpkin,per 100 g edible portion,158.0,5.469,1.423,2.22,1.826,22.41,2.604,6.466,2.387,15.7,336.4,57.93,60.84,0.089,40.98,0.22,0.083,1.53,0.31,0.153,6.226,0.098,0.582,5.39,31.53,0.128,1.381,29.71,0.344,97.27,195.8,5.481,1.032,43.31,"Approximate; raw foods reference-style, prepared foods recipe estimate"
159,Dal with Bottle Gourd,Lauka Dal,लौका दाल,Dal with Bottle Gourd (Lauka Dal - लौका दाल),Prepared Meal,Lentils cooked with bottle gourd,per 100 g edible portion,185.1,5.457,1.234,1.874,2.015,26.88,2.606,6.663,2.158,16.34,381.6,66.87,59.47,0.098,30.51,0.191,0.084,1.645,0.39,0.164,6.636,0.099,0.616,5.371,32.25,0.148,1.391,28.22,0.376,101.5,182.3,5.905,0.884,42.84,"Approximate; raw foods reference-style, prepared foods recipe estimate"
160,Dry Roasted Soybean,Sukha Bhatmas,सुख्खा भटमास,Dry Roasted Soybean (Sukha Bhatmas - सुख्खा भटमास),Snack,Dry roasted soybeans,per 100 g edible portion,266.0,11.08,2.078,3.439,3.75,29.91,3.561,6.666,3.173,4.205,443.7,38.55,19.14,0.117,39.92,0.059,0.078,1.769,0.278,0.15,4.321,0,1.101,5.517,38.84,0.161,1.978,45.7,0.493,122.8,264.6,5.416,1.089,50.33,"Approximate; raw foods reference-style, prepared foods recipe estimate"
161,Boiled Chickpea,Usineko Chana,उसिनेको चना,Boiled Chickpea (Usineko Chana - उसिनेको चना),Pulse,Boiled chickpeas,per 100 g edible portion,124.1,1.421,0.198,0.295,0.574,19.17,1.971,8.364,5.446,0,8.065,75.18,8.636,0.143,111.5,0,0.061,1.102,0.446,0.173,1.931,0,0.217,3.264,37.54,0.251,2.204,49.32,0.671,133.9,317.3,2.779,1.164,67.64,"Approximate; raw foods reference-style, prepared foods recipe estimate"
162,Boiled Kidney Bean,Usineko Rajma,उसिनेको राजमा,Boiled Kidney Bean (Usineko Rajma - उसिनेको राजमा),Pulse,Boiled kidney beans,per 100 g edible portion,129.6,1.309,0.186,0.275,0.485,20.63,1.949,7.972,5.615,0,7.576,73.67,6.818,0.137,95.42,0,0.064,1.004,0.385,0.178,2.195,0,0.198,3.082,31.58,0.242,2.145,50.34,0.598,138.8,300.9,2.44,1.031,66.58,"Approximate; raw foods reference-style, prepared foods recipe estimate"
163,Boiled Black Gram,Usineko Kalo Dal,उसिनेको कालो दाल,Boiled Black Gram (Usineko Kalo Dal - उसिनेको कालो दाल),Pulse,Boiled black gram,per 100 g edible portion,125.3,1.287,0.181,0.266,0.512,22.09,1.987,8.097,5.878,0,8.853,68.93,7.236,0.119,125.1,0,0.067,1.077,0.433,0.161,1.795,0,0.201,3.334,38.34,0.268,2.374,49.25,0.546,129.5,281.5,2.08,1.108,68.68,"Approximate; raw foods reference-style, prepared foods recipe estimate"
164,Boiled Mung Bean,Usineko Mung,उसिनेको मुङ,Boiled Mung Bean (Usineko Mung - उसिनेको मुङ),Pulse,Boiled mung beans,per 100 g edible portion,123.5,1.292,0.21,0.325,0.611,22.2,1.971,8.29,5.337,0,7.492,67.58,8.397,0.119,121.0,0,0.054,0.976,0.386,0.177,2.072,0,0.202,3.15,35.55,0.273,2.334,43.02,0.615,141.8,279.4,2.594,1.216,66.32,"Approximate; raw foods reference-style, prepared foods recipe estimate"
165,Potato,Aalu,आलु,Potato (Aalu - आलु),Vegetable,Boiled potato,per 100 g edible portion,43.49,0.676,0.11,0.178,0.332,8.86,3.212,2.215,2.507,0,14.96,86.21,88.13,0.059,30.94,0,0.073,0.633,0.266,0.134,20.14,0,0.488,26.7,38.89,0.106,0.825,23.6,0.279,48.18,265.2,0.65,0.374,31.9,"Approximate; raw foods reference-style, prepared foods recipe estimate"
166,Sweet Pumpkin Curry,Farsi ko Tarkari,फर्सीको तरकारी,Sweet Pumpkin Curry (Farsi ko Tarkari - फर्सीको तरकारी),Vegetable,Pumpkin curry,per 100 g edible portion,48.76,0.67,0.104,0.162,0.315,7.384,3.216,2.205,2.668,0,16.28,84.48,105.8,0.06,33.56,0,0.075,0.692,0.275,0.148,16.65,0,0.538,25.12,32.38,0.096,0.725,24.22,0.251,42.93,240.6,0.641,0.401,31.02,"Approximate; raw foods reference-style, prepared foods recipe estimate"
167,Bottle Gourd Curry,Lauka ko Tarkari,लौकाको तरकारी,Bottle Gourd Curry (Lauka ko Tarkari - लौकाको तरकारी),Vegetable,Bottle gourd curry,per 100 g edible portion,40.3,0.759,0.11,0.179,0.288,8.057,3.046,2.136,2.698,0,14.99,93.65,97.46,0.064,34.89,0,0.07,0.651,0.255,0.145,19.81,0,0.541,27.73,33.44,0.09,0.723,22.96,0.262,47.45,230.0,0.787,0.361,31.5,"Approximate; raw foods reference-style, prepared foods recipe estimate"
168,Bitter Gourd Curry,Karela ko Tarkari,करेलाको तरकारी,Bitter Gourd Curry (Karela ko Tarkari - करेलाको तरकारी),Vegetable,Bitter gourd curry,per 100 g edible portion,49.55,0.714,0.109,0.169,0.303,7.67,3.312,2.158,2.969,0,15.7,78.03,101.2,0.055,31.3,0,0.065,0.661,0.272,0.126,18.16,0,0.55,24.65,32.66,0.104,0.8,20.74,0.232,43.67,266.0,0.674,0.445,32.87,"Approximate; raw foods reference-style, prepared foods recipe estimate"
169,Ridge Gourd Curry,Ghiraula Tarkari,घिरौंला तरकारी,Ridge Gourd Curry (Ghiraula Tarkari - घिरौंला तरकारी),Vegetable,Ridge gourd curry,per 100 g edible portion,46.43,0.738,0.103,0.183,0.305,8.527,3.333,2.153,2.707,0,19.62,83.48,84.52,0.062,29.53,0,0.074,0.726,0.27,0.131,20.03,0,0.48,23.27,38.45,0.107,0.837,24.32,0.249,42.31,225.5,0.699,0.394,32.17,"Approximate; raw foods reference-style, prepared foods recipe estimate"
170,Snake Gourd Curry,Chichindo Tarkari,चिचिन्डो तरकारी,Snake Gourd Curry (Chichindo Tarkari - चिचिन्डो तरकारी),Vegetable,Snake gourd curry,per 100 g edible portion,45.51,0.648,0.103,0.182,0.275,7.205,3.068,2.136,2.689,0,18.81,86.27,84.2,0.058,40.0,0,0.064,0.752,0.257,0.134,19.35,0,0.508,24.28,34.67,0.099,0.796,22.25,0.256,44.39,241.6,0.59,0.424,31.67,"Approximate; raw foods reference-style, prepared foods recipe estimate"
171,Eggplant Curry,Bhanta ko Tarkari,भन्टाको तरकारी,Eggplant Curry (Bhanta ko Tarkari - भन्टाको तरकारी),Vegetable,Eggplant curry,per 100 g edible portion,40.43,0.701,0.112,0.172,0.274,8.919,2.767,1.84,2.948,0,14.86,80.32,87.05,0.054,29.64,0,0.067,0.687,0.231,0.125,17.67,0,0.552,25.58,32.27,0.102,0.811,23.85,0.231,49.14,257.5,0.621,0.435,31.65,"Approximate; raw foods reference-style, prepared foods recipe estimate"
172,Okra Curry,Bhindi ko Tarkari,भिण्डीको तरकारी,Okra Curry (Bhindi ko Tarkari - भिण्डीको तरकारी),Vegetable,Okra curry,per 100 g edible portion,49.66,0.736,0.109,0.165,0.32,8.691,3.292,2.235,2.953,0,18.04,80.07,90.8,0.053,39.63,0,0.076,0.672,0.233,0.146,18.49,0,0.514,29.43,36.63,0.101,0.737,20.81,0.249,39.81,279.8,0.644,0.432,33.34,"Approximate; raw foods reference-style, prepared foods recipe estimate"
173,Cauliflower Curry,Kauli ko Tarkari,काउलीको तरकारी,Cauliflower Curry (Kauli ko Tarkari - काउलीको तरकारी),Vegetable,Cauliflower curry,per 100 g edible portion,47.62,0.757,0.092,0.18,0.267,7.73,3.1,1.875,2.922,0,17.4,84.85,90.22,0.067,38.74,0,0.077,0.716,0.245,0.131,19.53,0,0.53,26.61,34.4,0.111,0.727,24.02,0.232,49.88,239.7,0.714,0.419,31.79,"Approximate; raw foods reference-style, prepared foods recipe estimate"
174,Cabbage Curry,Banda ko Tarkari,बन्दाको तरकारी,Cabbage Curry (Banda ko Tarkari - बन्दाको तरकारी),Vegetable,Cabbage curry,per 100 g edible portion,41.04,0.701,0.09,0.181,0.314,7.143,3.027,1.821,3.052,0,19.96,89.49,113.4,0.063,36.07,0,0.074,0.637,0.26,0.144,20.12,0,0.494,22.42,38.45,0.091,0.739,19.59,0.277,48.48,271.7,0.721,0.359,32.67,"Approximate; raw foods reference-style, prepared foods recipe estimate"
175,Carrot Curry,Gajar ko Tarkari,गाजरको तरकारी,Carrot Curry (Gajar ko Tarkari - गाजरको तरकारी),Vegetable,Carrot curry,per 100 g edible portion,43.77,0.634,0.104,0.178,0.291,8.226,3.236,2.036,3.115,0,18.97,94.15,94.89,0.062,38.2,0,0.066,0.782,0.249,0.147,16.05,0,0.518,27.65,30.84,0.091,0.709,21.85,0.247,47.07,232.5,0.711,0.356,32.02,"Approximate; raw foods reference-style, prepared foods recipe estimate"
176,Radish Curry,Mula ko Tarkari,मूलाको तरकारी,Radish Curry (Mula ko Tarkari - मूलाको तरकारी),Vegetable,Radish curry,per 100 g edible portion,48.07,0.737,0.096,0.2,0.28,7.279,3.283,1.775,2.658,0,15.96,91.13,87.53,0.057,33.59,0,0.067,0.726,0.276,0.151,19.04,0,0.449,27.9,38.88,0.099,0.759,22.42,0.232,47.94,248.1,0.674,0.444,30.4,"Approximate; raw foods reference-style, prepared foods recipe estimate"
177,Turnip Curry,Salgam Tarkari,सलगम तरकारी,Turnip Curry (Salgam Tarkari - सलगम तरकारी),Vegetable,Turnip curry,per 100 g edible portion,46.19,0.698,0.107,0.186,0.331,8.684,3.345,1.824,2.501,0,15.85,86.43,103.5,0.058,28.87,0,0.071,0.675,0.226,0.139,19.35,0,0.487,23.04,33.65,0.108,0.839,24.39,0.247,43.3,264.8,0.644,0.38,30.17,"Approximate; raw foods reference-style, prepared foods recipe estimate"
178,Beetroot,Chukandar,चुकन्दर,Beetroot (Chukandar - चुकन्दर),Vegetable,Boiled beetroot,per 100 g edible portion,41.51,0.754,0.105,0.188,0.266,8.218,2.76,2.015,2.515,0,14.93,91.73,83.82,0.062,32.03,0,0.063,0.769,0.231,0.127,18.34,0,0.545,23.71,38.82,0.097,0.784,24.11,0.272,48.18,248.6,0.732,0.368,30.57,"Approximate; raw foods reference-style, prepared foods recipe estimate"
179,Beetroot Curry,Chukandar Tarkari,चुकन्दर तरकारी,Beetroot Curry (Chukandar Tarkari - चुकन्दर तरकारी),Vegetable,Beetroot curry,per 100 g edible portion,43.98,0.746,0.092,0.199,0.297,7.91,2.735,2.165,2.788,0,20.5,91.68,108.4,0.057,39.21,0,0.066,0.706,0.262,0.135,17.18,0,0.542,22.79,36.64,0.101,0.792,24.55,0.263,42.08,221.0,0.826,0.375,31.71,"Approximate; raw foods reference-style, prepared foods recipe estimate"
180,Broccoli,Broccoli,ब्रोकाउली,Broccoli (Broccoli - ब्रोकाउली),Vegetable,Steamed broccoli,per 100 g edible portion,49.49,0.775,0.097,0.161,0.306,7.411,2.787,1.994,2.997,0,17.93,97.65,86.93,0.056,36.44,0,0.067,0.767,0.246,0.156,16.11,0,0.455,23.47,38.14,0.101,0.86,20.66,0.24,48.48,257.3,0.739,0.441,32.25,"Approximate; raw foods reference-style, prepared foods recipe estimate"
181,Broccoli Curry,Broccoli Tarkari,ब्रोकाउली तरकारी,Broccoli Curry (Broccoli Tarkari - ब्रोकाउली तरकारी),Vegetable,Broccoli curry,per 100 g edible portion,41.91,0.695,0.094,0.187,0.292,8.449,3.01,2.206,3.111,0,15.55,84.08,93.13,0.06,31.22,0,0.069,0.778,0.279,0.147,17.43,0,0.557,27.81,35.68,0.094,0.708,23.18,0.234,45.59,231.1,0.748,0.399,33.19,"Approximate; raw foods reference-style, prepared foods recipe estimate"
182,Capsicum,Bhende Khursani,भेडे खुर्सानी,Capsicum (Bhende Khursani - भेडे खुर्सानी),Vegetable,Raw capsicum,per 100 g edible portion,47.94,0.668,0.091,0.178,0.28,7.947,2.872,1.942,2.592,0,19.01,94.52,84.97,0.062,33.26,0,0.07,0.657,0.276,0.155,16.5,0,0.492,23.73,34.39,0.104,0.746,24.29,0.278,46.86,272.0,0.761,0.359,30.24,"Approximate; raw foods reference-style, prepared foods recipe estimate"
183,Capsicum Curry,Bhende Khursani Tarkari,भेडे खुर्सानी तरकारी,Capsicum Curry (Bhende Khursani Tarkari - भेडे खुर्सानी तरकारी),Vegetable,Capsicum curry,per 100 g edible portion,50.31,0.671,0.108,0.175,0.325,8.65,2.83,2.1,2.501,0,15.72,88.94,108.9,0.066,39.97,0,0.069,0.692,0.237,0.134,18.34,0,0.536,22.65,36.62,0.097,0.86,20.64,0.231,42.81,242.2,0.612,0.435,30.6,"Approximate; raw foods reference-style, prepared foods recipe estimate"
184,Green Tomato Curry,Kacho Golbheda Tarkari,काँचो गोलभेँडा तरकारी,Green Tomato Curry (Kacho Golbheda Tarkari - काँचो गोलभेँडा तरकारी),Vegetable,Green tomato curry,per 100 g edible portion,49.22,0.707,0.106,0.197,0.323,8.473,2.948,1.773,3.065,0,17.42,81.32,97.28,0.059,30.65,0,0.077,0.783,0.257,0.156,18.25,0,0.504,23.21,34.55,0.093,0.774,23.42,0.265,39.78,229.9,0.752,0.391,31.77,"Approximate; raw foods reference-style, prepared foods recipe estimate"
185,Raw Banana Curry,Kacho Kera Tarkari,काँचो केरा तरकारी,Raw Banana Curry (Kacho Kera Tarkari - काँचो केरा तरकारी),Vegetable,Green banana curry,per 100 g edible portion,43.64,0.643,0.1,0.163,0.285,7.982,3.149,2.075,2.597,0,17.37,87.59,87.45,0.064,33.37,0,0.074,0.722,0.268,0.124,18.82,0,0.495,27.35,33.37,0.099,0.704,20.94,0.228,43.04,230.3,0.752,0.409,30.44,"Approximate; raw foods reference-style, prepared foods recipe estimate"
186,Jackfruit Curry,Katahar Tarkari,कटहर तरकारी,Jackfruit Curry (Katahar Tarkari - कटहर तरकारी),Vegetable,Young jackfruit curry,per 100 g edible portion,39.68,0.761,0.101,0.181,0.304,8.238,2.869,1.872,3.025,0,18.8,93.01,95.24,0.063,33.82,0,0.073,0.713,0.267,0.142,16.08,0,0.535,21.11,36.96,0.098,0.792,21.55,0.275,46.66,265.3,0.811,0.447,31.88,"Approximate; raw foods reference-style, prepared foods recipe estimate"
187,Taro Curry,Pindalu Tarkari,पिँडालु तरकारी,Taro Curry (Pindalu Tarkari - पिँडालु तरकारी),Vegetable,Taro curry,per 100 g edible portion,43.01,0.691,0.097,0.2,0.273,8.587,2.711,1.825,2.758,0,16.92,91.47,113.0,0.063,36.21,0,0.07,0.754,0.275,0.151,17.45,0,0.47,27.53,31.92,0.093,0.792,23.15,0.232,41.45,249.6,0.81,0.371,30.49,"Approximate; raw foods reference-style, prepared foods recipe estimate"
188,Yam,Tarul,तरुल,Yam (Tarul - तरुल),Root Vegetable,Boiled yam,per 100 g edible portion,78.07,0.298,0.045,0.052,0.094,20.57,3.238,1.335,2.737,0,16.38,81.37,43.95,0.086,23.42,0,0.036,0.809,0.291,0.2,8.09,0,0.368,1.905,25.18,0.152,0.823,25.49,0.259,53.51,342.8,0.858,0.322,27.52,"Approximate; raw foods reference-style, prepared foods recipe estimate"
189,Yam Curry,Tarul Tarkari,तरुल तरकारी,Yam Curry (Tarul Tarkari - तरुल तरकारी),Root Vegetable,Yam curry,per 100 g edible portion,83.07,0.282,0.049,0.055,0.095,19.83,2.732,1.365,3.052,0,14.02,79.86,37.3,0.078,23.18,0,0.04,0.842,0.334,0.201,8.208,0,0.403,2.26,25.35,0.147,0.851,25.03,0.227,56.25,317.2,0.916,0.348,28.85,"Approximate; raw foods reference-style, prepared foods recipe estimate"
190,Elephant Foot Yam,Suran,सुरन,Elephant Foot Yam (Suran - सुरन),Root Vegetable,Boiled elephant foot yam,per 100 g edible portion,79.72,0.273,0.045,0.045,0.106,19.8,2.941,1.333,2.83,0,15.14,73.79,48.63,0.089,16.99,0,0.043,0.803,0.31,0.179,8.024,0,0.437,1.762,27.2,0.149,0.708,26.82,0.277,55.99,337.3,0.825,0.341,27.76,"Approximate; raw foods reference-style, prepared foods recipe estimate"
191,Elephant Foot Yam Curry,Suran Tarkari,सुरन तरकारी,Elephant Foot Yam Curry (Suran Tarkari - सुरन तरकारी),Root Vegetable,Elephant foot yam curry,per 100 g edible portion,89.17,0.305,0.047,0.049,0.11,17.62,3.268,1.335,2.725,0,13.74,76.07,45.52,0.076,20.34,0,0.039,0.814,0.278,0.216,8.449,0,0.396,1.98,26.84,0.138,0.718,25.38,0.259,61.24,320.1,0.885,0.335,27.11,"Approximate; raw foods reference-style, prepared foods recipe estimate"
192,Pointed Gourd,Parwal,परवल,Pointed Gourd (Parwal - परवल),Vegetable,Cooked pointed gourd,per 100 g edible portion,41.71,0.67,0.102,0.179,0.299,8.261,2.903,2.173,3.035,0,17.38,86.85,87.04,0.059,40.88,0,0.069,0.729,0.266,0.155,16.19,0,0.526,21.25,33.74,0.111,0.877,19.71,0.233,42.62,236.8,0.815,0.397,32.61,"Approximate; raw foods reference-style, prepared foods recipe estimate"
193,Pointed Gourd Curry,Parwal Tarkari,परवल तरकारी,Pointed Gourd Curry (Parwal Tarkari - परवल तरकारी),Vegetable,Pointed gourd curry,per 100 g edible portion,45.85,0.643,0.089,0.181,0.312,7.506,2.875,2.045,3.08,0,20.55,90.78,93.34,0.059,32.55,0,0.077,0.759,0.278,0.142,16.78,0,0.485,26.32,33.1,0.098,0.739,19.82,0.243,41.93,222.1,0.719,0.433,32.0,"Approximate; raw foods reference-style, prepared foods recipe estimate"
194,Ivy Gourd,Kundru,कुन्द्रु,Ivy Gourd (Kundru - कुन्द्रु),Vegetable,Cooked ivy gourd,per 100 g edible portion,50.39,0.699,0.094,0.196,0.315,8.743,3.356,1.792,2.725,0,16.87,94.29,89.92,0.06,29.66,0,0.07,0.782,0.26,0.149,16.44,0,0.51,25.15,32.78,0.099,0.762,23.09,0.225,45.99,246.7,0.715,0.381,29.93,"Approximate; raw foods reference-style, prepared foods recipe estimate"
195,Ivy Gourd Curry,Kundru Tarkari,कुन्द्रु तरकारी,Ivy Gourd Curry (Kundru Tarkari - कुन्द्रु तरकारी),Vegetable,Ivy gourd curry,per 100 g edible portion,41.26,0.689,0.103,0.197,0.322,7.65,2.839,1.782,2.549,0,20.16,80.85,85.5,0.06,31.94,0,0.062,0.653,0.23,0.132,19.04,0,0.479,24.17,34.39,0.103,0.797,21.84,0.256,39.88,275.4,0.619,0.418,30.09,"Approximate; raw foods reference-style, prepared foods recipe estimate"
196,Ash Gourd,Kubindo,कुभिण्डो,Ash Gourd (Kubindo - कुभिण्डो),Vegetable,Cooked ash gourd,per 100 g edible portion,39.68,0.683,0.097,0.177,0.323,8.474,3.349,2.236,2.634,0,19.04,86.65,103.5,0.061,34.72,0,0.071,0.731,0.27,0.154,20.04,0,0.52,22.46,34.79,0.101,0.756,20.44,0.266,41.23,269.8,0.601,0.44,32.06,"Approximate; raw foods reference-style, prepared foods recipe estimate"
197,Ash Gourd Curry,Kubindo Tarkari,कुभिण्डो तरकारी,Ash Gourd Curry (Kubindo Tarkari - कुभिण्डो तरकारी),Vegetable,Ash gourd curry,per 100 g edible portion,50.39,0.628,0.09,0.17,0.27,7.251,3.059,1.88,2.661,0,15.92,82.09,108.8,0.067,36.03,0,0.066,0.783,0.244,0.127,19.36,0,0.47,27.76,33.49,0.094,0.825,24.6,0.263,44.69,222.3,0.583,0.436,30.59,"Approximate; raw foods reference-style, prepared foods recipe estimate"
198,Drumstick,Sahijan,सहिजन,Drumstick (Sahijan - सहिजन),Vegetable,Cooked moringa pods,per 100 g edible portion,42.83,0.763,0.098,0.199,0.265,7.44,2.93,2.217,2.605,0,18.64,77.76,84.69,0.066,33.93,0,0.076,0.638,0.246,0.145,18.27,0,0.557,20.75,31.79,0.093,0.797,20.39,0.255,41.53,269.7,0.733,0.389,31.4,"Approximate; raw foods reference-style, prepared foods recipe estimate"
199,Drumstick Curry,Sahijan Tarkari,सहिजन तरकारी,Drumstick Curry (Sahijan Tarkari - सहिजन तरकारी),Vegetable,Moringa pod curry,per 100 g edible portion,46.06,0.699,0.094,0.165,0.302,7.858,3.307,1.977,2.903,0,19.87,87.28,84.59,0.056,30.3,0,0.078,0.642,0.275,0.128,19.96,0,0.446,25.15,36.3,0.094,0.743,20.6,0.254,47.29,276.4,0.605,0.354,32.51,"Approximate; raw foods reference-style, prepared foods recipe estimate"
200,Moringa Leaves,Sahijan ko Saag,सहिजनको साग,Moringa Leaves (Sahijan ko Saag - सहिजनको साग),Leafy Vegetable,Cooked moringa leaves,per 100 g edible portion,34.44,0.562,0.108,0.106,0.245,5.274,1.101,2.892,3.887,0,63.14,85.28,385.9,0.078,115.3,0,0.148,0.892,0.346,0.178,26.23,0,1.381,292.9,97.26,0.194,2.32,55.35,0.673,61.99,375.1,1.154,0.669,51.2,"Approximate; raw foods reference-style, prepared foods recipe estimate"
201,Colocasia Leaves,Karkalo,कर्कलो,Colocasia Leaves (Karkalo - कर्कलो),Leafy Vegetable,Cooked colocasia leaves,per 100 g edible portion,35.11,0.654,0.11,0.109,0.222,5.519,1.3,3.115,3.767,0,61.27,95.32,393.5,0.071,86.71,0,0.17,1.071,0.344,0.206,27.89,0,1.212,233.6,120.6,0.172,2.472,53.4,0.749,66.68,371.8,1.151,0.634,53.07,"Approximate; raw foods reference-style, prepared foods recipe estimate"
202,Karkalo Curry,Karkalo ko Tarkari,कर्कलोको तरकारी,Karkalo Curry (Karkalo ko Tarkari - कर्कलोको तरकारी),Vegetable,Colocasia leaf curry,per 100 g edible portion,46.68,0.723,0.093,0.171,0.277,8.122,2.791,1.895,3.105,0,20.66,78.55,101.1,0.058,34.64,0,0.065,0.728,0.242,0.124,19.66,0,0.457,27.59,37.52,0.11,0.865,21.56,0.271,43.19,248.4,0.775,0.397,33.15,"Approximate; raw foods reference-style, prepared foods recipe estimate"
203,Bamboo Shoot,Tama,तामा,Bamboo Shoot (Tama - तामा),Vegetable,Cooked bamboo shoots,per 100 g edible portion,44.85,0.622,0.104,0.171,0.265,7.67,3.122,1.923,2.712,0,19.07,95.27,99.54,0.053,39.21,0,0.07,0.625,0.258,0.133,16.62,0,0.526,20.74,34.84,0.097,0.765,21.39,0.272,49.59,230.1,0.665,0.405,30.17,"Approximate; raw foods reference-style, prepared foods recipe estimate"
204,Bamboo Shoot Curry,Tama ko Tarkari,तामाको तरकारी,Bamboo Shoot Curry (Tama ko Tarkari - तामाको तरकारी),Vegetable,Bamboo shoot curry,per 100 g edible portion,45.78,0.625,0.105,0.182,0.268,8.199,3.214,2.236,3.131,0,18.04,91.85,114.1,0.061,31.55,0,0.07,0.748,0.264,0.14,19.45,0,0.484,25.03,35.91,0.092,0.754,22.93,0.265,47.57,240.4,0.675,0.386,34.06,"Approximate; raw foods reference-style, prepared foods recipe estimate"
205,Potato Bamboo Shoot Curry,Aalu Tama,आलु तामा,Potato Bamboo Shoot Curry (Aalu Tama - आलु तामा),Prepared Meal,Potato and bamboo shoot curry,per 100 g edible portion,161.6,5.575,1.281,2.35,1.914,21.66,2.326,5.777,2.121,17.76,349.8,56.91,54.5,0.097,34.66,0.183,0.083,1.464,0.374,0.149,5.373,0.11,0.535,5.311,32.74,0.148,1.56,27.42,0.364,106.7,201.6,6.654,1.054,39.91,"Approximate; raw foods reference-style, prepared foods recipe estimate"
206,Mushroom Curry,Chyau ko Tarkari,च्याउको तरकारी,Mushroom Curry (Chyau ko Tarkari - च्याउको तरकारी),Vegetable,Mushroom curry,per 100 g edible portion,42.67,0.638,0.098,0.179,0.269,7.451,2.775,1.976,2.509,0,16.38,82.94,86.78,0.06,31.71,0,0.068,0.751,0.263,0.123,19.84,0,0.463,25.38,34.01,0.098,0.802,23.91,0.27,43.25,229.0,0.796,0.392,30.34,"Approximate; raw foods reference-style, prepared foods recipe estimate"
207,Pea Potato Curry,Aalu Kerau,आलु केराउ,Pea Potato Curry (Aalu Kerau - आलु केराउ),Vegetable,Potato and pea curry,per 100 g edible portion,45.17,0.624,0.097,0.182,0.307,7.711,2.852,1.965,2.484,0,15.99,87.5,88.07,0.053,34.7,0,0.066,0.749,0.268,0.126,18.93,0,0.553,27.17,31.02,0.111,0.77,20.47,0.26,46.69,260.1,0.585,0.418,29.92,"Approximate; raw foods reference-style, prepared foods recipe estimate"
208,Cauliflower Potato Curry,Aalu Kauli,आलु काउली,Cauliflower Potato Curry (Aalu Kauli - आलु काउली),Vegetable,Potato and cauliflower curry,per 100 g edible portion,39.87,0.628,0.104,0.174,0.303,7.612,2.954,1.983,2.491,0,16.4,81.43,90.9,0.064,32.56,0,0.074,0.727,0.242,0.157,18.8,0,0.45,27.61,36.58,0.09,0.839,22.61,0.228,49.32,241.8,0.642,0.443,30.32,"Approximate; raw foods reference-style, prepared foods recipe estimate"
209,Cabbage Potato Curry,Aalu Banda,आलु बन्दा,Cabbage Potato Curry (Aalu Banda - आलु बन्दा),Vegetable,Potato and cabbage curry,per 100 g edible portion,45.54,0.782,0.104,0.194,0.301,8.666,3.068,1.965,3.045,0,15.99,80.91,116.0,0.067,29.5,0,0.077,0.739,0.248,0.127,18.6,0,0.473,24.59,34.71,0.111,0.807,23.62,0.22,46.43,262.2,0.811,0.375,32.89,"Approximate; raw foods reference-style, prepared foods recipe estimate"
210,Eggplant Potato Curry,Aalu Bhanta,आलु भन्टा,Eggplant Potato Curry (Aalu Bhanta - आलु भन्टा),Vegetable,Potato and eggplant curry,per 100 g edible portion,48.48,0.78,0.101,0.178,0.278,7.794,2.962,1.876,2.77,0,18.57,97.47,99.23,0.059,38.64,0,0.074,0.684,0.254,0.15,18.91,0,0.461,24.09,34.45,0.105,0.847,20.76,0.277,46.38,271.0,0.597,0.421,31.41,"Approximate; raw foods reference-style, prepared foods recipe estimate"
211,Spinach Potato Curry,Aalu Palungo,आलु पालुङ्गो,Spinach Potato Curry (Aalu Palungo - आलु पालुङ्गो),Vegetable,Potato and spinach curry,per 100 g edible portion,49.45,0.769,0.093,0.197,0.294,7.273,2.872,2.076,2.526,0,20.79,85.83,83.68,0.056,38.71,0,0.072,0.67,0.269,0.138,20.11,0,0.504,25.38,34.5,0.101,0.768,21.1,0.254,50.0,224.8,0.713,0.36,30.56,"Approximate; raw foods reference-style, prepared foods recipe estimate"
212,Fenugreek Potato Curry,Aalu Methi,आलु मेथी,Fenugreek Potato Curry (Aalu Methi - आलु मेथी),Vegetable,Potato and fenugreek curry,per 100 g edible portion,39.97,0.737,0.109,0.179,0.27,7.511,2.996,1.972,2.473,0,18.87,88.61,103.6,0.064,30.3,0,0.075,0.687,0.238,0.139,19.23,0,0.507,28.49,31.73,0.111,0.751,22.15,0.233,48.38,256.0,0.647,0.424,30.01,"Approximate; raw foods reference-style, prepared foods recipe estimate"
213,Radish Greens,Mula ko Saag,मूलाको साग,Radish Greens (Mula ko Saag - मूलाको साग),Leafy Vegetable,Cooked radish greens,per 100 g edible portion,31.06,0.571,0.089,0.098,0.267,5.587,1.303,3.313,3.504,0,55.9,82.32,393.0,0.088,88.19,0,0.144,0.983,0.38,0.191,22.39,0,1.209,275.5,96.98,0.163,2.492,47.12,0.653,64.63,380.0,1.057,0.539,49.97,"Approximate; raw foods reference-style, prepared foods recipe estimate"
214,Amaranth Greens,Latte ko Saag,लट्टेको साग,Amaranth Greens (Latte ko Saag - लट्टेको साग),Leafy Vegetable,Cooked amaranth greens,per 100 g edible portion,34.15,0.617,0.094,0.098,0.269,4.476,1.162,2.911,3.441,0,60.69,80.92,381.7,0.085,97.97,0,0.168,0.997,0.326,0.204,26.86,0,1.424,232.2,99.35,0.166,2.494,47.11,0.699,59.66,373.0,0.936,0.615,49.35,"Approximate; raw foods reference-style, prepared foods recipe estimate"
215,Water Spinach,Kalmi Saag,कलमी साग,Water Spinach (Kalmi Saag - कलमी साग),Leafy Vegetable,Cooked water spinach,per 100 g edible portion,35.08,0.586,0.102,0.103,0.273,4.443,1.2,3.298,3.219,0,56.51,86.62,371.8,0.086,100.2,0,0.175,0.927,0.39,0.2,26.46,0,1.166,236.3,122.2,0.192,2.361,53.33,0.735,53.69,399.5,1.12,0.576,50.98,"Approximate; raw foods reference-style, prepared foods recipe estimate"
216,Malabar Spinach,Poi Saag,पोई साग,Malabar Spinach (Poi Saag - पोई साग),Leafy Vegetable,Cooked Malabar spinach,per 100 g edible portion,34.72,0.583,0.093,0.1,0.26,4.603,1.093,3.107,3.438,0,57.65,92.06,400.1,0.075,84.21,0,0.154,1.029,0.367,0.222,23.21,0,1.176,224.8,118.7,0.18,2.511,48.92,0.63,65.31,441.5,1.067,0.619,50.99,"Approximate; raw foods reference-style, prepared foods recipe estimate"
217,Chenopodium Greens,Bethe Saag,बेथे साग,Chenopodium Greens (Bethe Saag - बेथे साग),Leafy Vegetable,Cooked chenopodium greens,per 100 g edible portion,37.73,0.564,0.103,0.098,0.221,5.48,1.159,3.209,3.449,0,59.33,89.82,337.5,0.079,110.4,0,0.161,1.074,0.318,0.181,26.31,0,1.419,277.9,101.2,0.197,2.573,46.9,0.75,55.06,355.9,1.027,0.538,50.35,"Approximate; raw foods reference-style, prepared foods recipe estimate"
218,Mustard Greens Curry,Rayo Saag Tarkari,रायो साग तरकारी,Mustard Greens Curry (Rayo Saag Tarkari - रायो साग तरकारी),Leafy Vegetable,Mustard greens curry,per 100 g edible portion,33.2,0.535,0.103,0.106,0.247,4.589,1.203,2.875,3.671,0,60.25,100.2,421.8,0.087,99.88,0,0.16,0.906,0.343,0.19,25.75,0,1.307,239.0,109.0,0.179,2.104,55.3,0.653,58.31,364.1,1.069,0.59,49.95,"Approximate; raw foods reference-style, prepared foods recipe estimate"
219,Spinach Curry,Palungo ko Saag,पालुङ्गोको साग,Spinach Curry (Palungo ko Saag - पालुङ्गोको साग),Leafy Vegetable,Spinach curry,per 100 g edible portion,36.61,0.627,0.092,0.095,0.24,5.097,1.141,2.87,3.413,0,60.98,92.82,391.7,0.079,85.92,0,0.161,1.063,0.355,0.195,22.92,0,1.176,295.7,105.5,0.168,2.214,55.71,0.645,64.91,386.5,0.959,0.563,48.47,"Approximate; raw foods reference-style, prepared foods recipe estimate"
220,Coriander Chutney,Dhaniya ko Chutney,धनियाँको चट्नी,Coriander Chutney (Dhaniya ko Chutney - धनियाँको चट्नी),Condiment,Coriander chutney,per 100 g edible portion,81.04,5.217,0.737,1.845,2.16,10.66,4.418,2.362,2.414,0,457.3,74.03,76.99,0.076,27.34,0,0.059,0.9,0.283,0.138,10.98,0,0.888,13.64,45.16,0.223,1.34,41.38,0.404,80.01,252.2,1.235,0.847,32.22,"Approximate; raw foods reference-style, prepared foods recipe estimate"
221,Mint Chutney,Pudina ko Chutney,पुदिनाको चट्नी,Mint Chutney (Pudina ko Chutney - पुदिनाको चट्नी),Condiment,Mint chutney,per 100 g edible portion,87.94,4.877,0.813,1.872,1.917,10.76,3.639,2.682,2.403,0,501.1,84.51,80.86,0.065,27.91,0,0.061,1.113,0.275,0.161,10.76,0,0.884,13.01,40.14,0.245,1.205,37.27,0.49,71.84,244.7,1.165,0.836,32.36,"Approximate; raw foods reference-style, prepared foods recipe estimate"
222,Sesame Chutney,Til ko Chutney,तिलको चट्नी,Sesame Chutney (Til ko Chutney - तिलको चट्नी),Condiment,Sesame chutney,per 100 g edible portion,87.32,5.354,0.722,1.782,1.808,10.85,3.822,2.773,2.34,0,479.4,79.11,74.75,0.076,20.79,0,0.065,1.113,0.335,0.154,12.71,0,0.743,11.32,40.32,0.256,1.179,35.74,0.447,76.21,241.5,1.323,0.884,32.65,"Approximate; raw foods reference-style, prepared foods recipe estimate"
223,Peanut Chutney,Badam ko Chutney,बदामको चट्नी,Peanut Chutney (Badam ko Chutney - बदामको चट्नी),Condiment,Peanut chutney,per 100 g edible portion,89.38,5.316,0.815,1.709,1.841,10.63,3.783,2.666,2.557,0,507.1,79.63,76.76,0.077,21.96,0,0.063,0.972,0.299,0.142,13.02,0,0.803,13.19,40.7,0.235,1.294,34.7,0.49,74.25,258.5,1.061,0.77,33.77,"Approximate; raw foods reference-style, prepared foods recipe estimate"
224,Tomato Sesame Chutney,Golbheda Til Chutney,गोलभेँडा तिल चट्नी,Tomato Sesame Chutney (Golbheda Til Chutney - गोलभेँडा तिल चट्नी),Condiment,Tomato sesame chutney,per 100 g edible portion,88.97,4.672,0.721,1.827,2.079,9.484,3.528,2.643,2.62,0,441.0,69.84,79.11,0.062,28.8,0,0.063,0.941,0.296,0.151,12.63,0,0.847,11.02,43.6,0.266,1.086,38.4,0.426,88.59,238.6,1.062,0.791,33.53,"Approximate; raw foods reference-style, prepared foods recipe estimate"
225,Timur Chutney,Timur ko Chutney,टिमुरको चट्नी,Timur Chutney (Timur ko Chutney - टिमुरको चट्नी),Condiment,Sichuan pepper chutney,per 100 g edible portion,87.82,5.593,0.85,2.008,1.93,9.265,3.795,2.244,2.634,0,423.5,73.35,78.41,0.063,24.93,0,0.058,0.939,0.291,0.163,13.05,0,0.769,13.37,47.26,0.232,1.12,36.61,0.452,75.26,253.0,1.348,0.841,32.62,"Approximate; raw foods reference-style, prepared foods recipe estimate"
226,Garlic Chutney,Lasun ko Chutney,लसुनको चट्नी,Garlic Chutney (Lasun ko Chutney - लसुनको चट्नी),Condiment,Garlic chili chutney,per 100 g edible portion,82.27,4.427,0.815,1.643,1.865,9.68,4.241,2.772,2.449,0,412.6,84.24,65.91,0.074,22.95,0,0.053,1.11,0.325,0.147,12.58,0,0.71,9.888,45.21,0.232,1.331,36.72,0.426,81.08,249.2,1.13,0.745,33.84,"Approximate; raw foods reference-style, prepared foods recipe estimate"
227,Ginger Chutney,Aduwa ko Chutney,अदुवाको चट्नी,Ginger Chutney (Aduwa ko Chutney - अदुवाको चट्नी),Condiment,Ginger chutney,per 100 g edible portion,96.2,4.773,0.839,1.816,2.087,9.998,4.212,2.325,2.339,0,499.0,71.64,73.49,0.067,21.41,0,0.058,1.044,0.311,0.136,11.23,0,0.862,13.99,45.67,0.274,1.244,42.5,0.469,89.48,238.3,1.29,0.71,31.51,"Approximate; raw foods reference-style, prepared foods recipe estimate"
228,Green Chili Pickle,Hariyo Khursani Achar,हरियो खुर्सानी अचार,Green Chili Pickle (Hariyo Khursani Achar - हरियो खुर्सानी अचार),Pickle/Side,Green chili pickle,per 100 g edible portion,68.48,3.084,0.464,1.115,1.184,8.947,2.967,1.642,2.4,0,1037.7,81.22,50.1,0.054,22.83,0,0.049,0.728,0.243,0.108,12.79,0,0.665,11.17,40.14,0.134,0.775,24.51,0.275,47.13,246.1,0.676,0.441,27.51,"Approximate; raw foods reference-style, prepared foods recipe estimate"
229,Lemon Pickle,Kagati ko Achar,कागतीको अचार,Lemon Pickle (Kagati ko Achar - कागतीको अचार),Pickle/Side,Lemon pickle,per 100 g edible portion,69.97,3.295,0.476,1.078,1.232,8.894,2.733,1.475,2.388,0,1051.1,86.74,57.71,0.055,20.9,0,0.047,0.673,0.225,0.13,10.8,0,0.621,8.821,44.61,0.109,0.716,27.08,0.224,49.13,226.8,0.836,0.488,26.42,"Approximate; raw foods reference-style, prepared foods recipe estimate"
230,Mango Pickle,Aap ko Achar,आँपको अचार,Mango Pickle (Aap ko Achar - आँपको अचार),Pickle/Side,Mango pickle,per 100 g edible portion,72.41,3.128,0.443,1.125,1.163,8.497,2.905,1.551,1.978,0,929.9,88.82,48.16,0.051,18.1,0,0.054,0.756,0.26,0.13,12.52,0,0.671,10.48,42.82,0.116,0.887,26.14,0.248,40.09,239.3,0.835,0.453,25.59,"Approximate; raw foods reference-style, prepared foods recipe estimate"
231,Mixed Vegetable Pickle,Mishrit Achar,मिश्रित अचार,Mixed Vegetable Pickle (Mishrit Achar - मिश्रित अचार),Pickle/Side,Mixed vegetable pickle,per 100 g edible portion,67.86,2.848,0.478,1.21,1.079,7.14,2.716,1.464,2.101,0,1114.3,74.27,46.91,0.052,22.06,0,0.054,0.74,0.247,0.107,11.7,0,0.76,10.54,36.44,0.127,0.721,25.86,0.244,42.37,229.8,0.849,0.431,24.87,"Approximate; raw foods reference-style, prepared foods recipe estimate"
232,Bamboo Shoot Pickle,Tama ko Achar,तामाको अचार,Bamboo Shoot Pickle (Tama ko Achar - तामाको अचार),Pickle/Side,Bamboo shoot pickle,per 100 g edible portion,60.16,2.936,0.53,1.207,1.07,8.305,3.252,1.597,2.209,0,1161.9,80.95,53.92,0.048,25.96,0,0.053,0.764,0.263,0.132,12.05,0,0.738,10.45,38.12,0.109,0.817,23.08,0.255,49.82,237.0,0.844,0.416,26.13,"Approximate; raw foods reference-style, prepared foods recipe estimate"
233,Cucumber Pickle,Kakro ko Achar,काँक्रोको अचार,Cucumber Pickle (Kakro ko Achar - काँक्रोको अचार),Pickle/Side,Cucumber pickle,per 100 g edible portion,67.44,2.842,0.483,1.02,1.103,7.189,3.21,1.663,2.016,0,1010.8,86.85,52.83,0.054,22.23,0,0.046,0.627,0.273,0.128,10.83,0,0.742,9.896,35.65,0.114,0.797,27.48,0.234,46.46,206.2,0.737,0.413,24.93,"Approximate; raw foods reference-style, prepared foods recipe estimate"
234,Carrot Pickle,Gajar ko Achar,गाजरको अचार,Carrot Pickle (Gajar ko Achar - गाजरको अचार),Pickle/Side,Carrot pickle,per 100 g edible portion,59.43,3.333,0.471,1.129,1.238,8.526,3.26,1.493,2.45,0,1114.3,79.18,52.65,0.049,21.44,0,0.054,0.73,0.271,0.107,12.43,0,0.758,11.25,44.11,0.124,0.853,24.78,0.252,41.56,241.8,0.905,0.488,27.48,"Approximate; raw foods reference-style, prepared foods recipe estimate"
235,Chayote Pickle,Iskus ko Achar,इस्कुसको अचार,Chayote Pickle (Iskus ko Achar - इस्कुसको अचार),Pickle/Side,Chayote pickle,per 100 g edible portion,67.71,3.272,0.488,1.05,1.235,8.497,2.918,1.407,2.329,0,820.6,80.62,46.43,0.056,24.33,0,0.049,0.708,0.255,0.113,12.19,0,0.748,11.17,43.31,0.111,0.821,22.37,0.266,43.16,237.1,0.764,0.41,26.26,"Approximate; raw foods reference-style, prepared foods recipe estimate"
236,Chayote,Iskus,इस्कुस,Chayote (Iskus - इस्कुस),Vegetable,Boiled chayote,per 100 g edible portion,42.73,0.77,0.099,0.2,0.301,7.452,3.341,2.217,2.524,0,15.84,90.5,99.31,0.062,40.9,0,0.063,0.728,0.274,0.145,20.03,0,0.533,23.3,33.91,0.091,0.75,22.66,0.266,47.55,278.7,0.813,0.372,31.66,"Approximate; raw foods reference-style, prepared foods recipe estimate"
237,Chayote Curry,Iskus ko Tarkari,इस्कुसको तरकारी,Chayote Curry (Iskus ko Tarkari - इस्कुसको तरकारी),Vegetable,Chayote curry,per 100 g edible portion,41.76,0.616,0.102,0.17,0.293,8.113,3.034,1.837,2.578,0,15.82,83.79,102.4,0.057,32.7,0,0.078,0.729,0.242,0.151,18.19,0,0.483,29.41,35.7,0.105,0.848,21.8,0.252,43.45,272.0,0.657,0.419,30.36,"Approximate; raw foods reference-style, prepared foods recipe estimate"
238,Nettle Greens,Sisnu ko Saag,सिस्नुको साग,Nettle Greens (Sisnu ko Saag - सिस्नुको साग),Leafy Vegetable,Cooked stinging nettle,per 100 g edible portion,38.94,0.57,0.103,0.09,0.223,5.15,1.317,3.228,3.56,0,57.47,86.37,387.9,0.081,110.1,0,0.178,1.055,0.343,0.196,26.4,0,1.151,242.0,102.1,0.163,2.536,49.0,0.718,64.54,404.6,1.109,0.581,51.58,"Approximate; raw foods reference-style, prepared foods recipe estimate"
239,Nettle Soup,Sisnu ko Jhol,सिस्नुको झोल,Nettle Soup (Sisnu ko Jhol - सिस्नुको झोल),Prepared Meal,Nettle soup,per 100 g edible portion,126.2,6.304,1.252,1.876,2.081,22.17,2.706,6.56,2.42,19.91,385.5,82,53.12,0.091,36.16,0.213,0.084,1.468,0.327,0.161,6.244,0.113,0.629,6.095,33.14,0.133,1.447,27.35,0.374,99.25,176.3,5.229,0.984,43.66,"Approximate; raw foods reference-style, prepared foods recipe estimate"
240,Skim Milk,Chillo Rahit Dudh,चिल्लो रहित दूध,Skim Milk (Chillo Rahit Dudh - चिल्लो रहित दूध),Dairy,Skim cow milk,per 100 g edible portion,99.08,5.511,4.091,1.839,0.176,5.105,4.743,5.526,0,17.04,68.47,74.12,80.36,0.041,6.609,0.58,0.166,0.137,0.42,0.036,0.461,0.223,0.097,0.341,142.0,0.021,0.109,15.0,0.011,132.3,152.5,3.639,0.615,28.57,"Approximate; raw foods reference-style, prepared foods recipe estimate"
241,Low-Fat Milk,Kam Chillo Dudh,कम चिल्लो दूध,Low-Fat Milk (Kam Chillo Dudh - कम चिल्लो दूध),Dairy,Low-fat milk,per 100 g edible portion,97.27,6.643,3.943,1.57,0.208,4.909,4.918,4.955,0,20.5,64.91,77.98,74.77,0.042,5.11,0.468,0.16,0.158,0.371,0.042,0.484,0.2,0.11,0.454,134.8,0.02,0.112,13.01,0.01,125.4,149.0,2.979,0.652,26.12,"Approximate; raw foods reference-style, prepared foods recipe estimate"
242,Sweet Lassi,Mitho Lassi,मिठो लस्सी,Sweet Lassi (Mitho Lassi - मिठो लस्सी),Beverage,Sweetened yogurt drink,per 100 g edible portion,47.55,1.404,0.943,0.415,0.09,6.978,7.563,1.135,0.095,4.186,21.25,93.23,13.27,0.018,2.705,0.23,0.075,0.097,0.205,0.022,1.948,0.051,0.055,0.171,48.66,0.009,0.047,7.28,0.032,37.68,63.54,0.905,0.185,8.3,"Approximate; raw foods reference-style, prepared foods recipe estimate"
243,Salt Lassi,Nun Lassi,नुन लस्सी,Salt Lassi (Nun Lassi - नुन लस्सी),Beverage,Salted yogurt drink,per 100 g edible portion,48.73,1.554,0.803,0.437,0.103,6.308,6.677,1.087,0.096,4.946,21.4,84.21,15.52,0.021,3.024,0.165,0.069,0.104,0.215,0.019,2.106,0.058,0.053,0.205,49.81,0.009,0.045,6.209,0.028,37.14,64.81,0.914,0.184,8.17,"Approximate; raw foods reference-style, prepared foods recipe estimate"
244,Plain Lassi,Sada Lassi,सादा लस्सी,Plain Lassi (Sada Lassi - सादा लस्सी),Beverage,Unsweetened yogurt drink,per 100 g edible portion,41.75,1.347,0.962,0.441,0.109,7.205,5.622,1.212,0.107,4.705,21.72,84.03,16.77,0.019,3.207,0.228,0.073,0.089,0.187,0.022,2.068,0.046,0.046,0.194,40.48,0.01,0.055,6.317,0.033,32.34,57.94,1.123,0.216,8.17,"Approximate; raw foods reference-style, prepared foods recipe estimate"
245,Chhurpi Soft,Naram Chhurpi,नरम छुर्पी,Chhurpi Soft (Naram Chhurpi - नरम छुर्पी),Dairy,Soft Himalayan cheese,per 100 g edible portion,97.66,6.016,3.776,1.629,0.178,4.615,4.68,4.934,0,19.18,81.73,75.52,59.74,0.038,6.584,0.515,0.194,0.167,0.431,0.035,0.527,0.184,0.103,0.455,156.4,0.021,0.096,13.22,0.01,107.0,154.0,3.451,0.611,27.09,"Approximate; raw foods reference-style, prepared foods recipe estimate"
246,Chhurpi Hard,Kada Chhurpi,कडा छुर्पी,Chhurpi Hard (Kada Chhurpi - कडा छुर्पी),Dairy,Hard dried Himalayan cheese,per 100 g edible portion,106.1,5.395,3.544,1.686,0.182,5.199,5.594,4.418,0,20.93,76.2,76.88,80.6,0.036,5.057,0.481,0.192,0.132,0.424,0.038,0.514,0.167,0.111,0.4,139.6,0.021,0.11,12.95,0.009,133.3,147.8,2.917,0.531,24.48,"Approximate; raw foods reference-style, prepared foods recipe estimate"
247,Cream,Malai,मलाई,Cream (Malai - मलाई),Dairy,Milk cream,per 100 g edible portion,94.96,5.669,4.172,1.662,0.183,4.885,4.689,5.204,0,17.78,74.95,84.35,78.66,0.038,5.898,0.427,0.173,0.137,0.433,0.037,0.557,0.198,0.089,0.378,161.7,0.022,0.106,15.36,0.01,116.5,160.0,3.727,0.667,28.49,"Approximate; raw foods reference-style, prepared foods recipe estimate"
248,Butter,Makkhan,मक्खन,Butter (Makkhan - मक्खन),Dairy,Butter,per 100 g edible portion,103.4,6.556,3.579,1.717,0.193,4.836,4.97,4.946,0,23.22,65.6,74.62,79.3,0.042,4.972,0.484,0.163,0.168,0.403,0.043,0.552,0.194,0.103,0.359,134.7,0.018,0.09,14.09,0.01,109.7,155.1,3.385,0.552,26.19,"Approximate; raw foods reference-style, prepared foods recipe estimate"
249,Boiled Buffalo Milk,Umaleko Bhainsi Dudh,उमालेको भैंसी दूध,Boiled Buffalo Milk (Umaleko Bhainsi Dudh - उमालेको भैंसी दूध),Dairy,Boiled buffalo milk,per 100 g edible portion,106.6,5.347,4.231,1.855,0.18,4.547,4.836,4.633,0,17.14,62.68,75.77,65.07,0.04,5.708,0.452,0.187,0.138,0.385,0.041,0.55,0.216,0.11,0.411,139.3,0.022,0.108,15.56,0.01,120.0,179.6,3.385,0.643,25.72,"Approximate; raw foods reference-style, prepared foods recipe estimate"
250,Boiled Cow Milk,Umaleko Gai Dudh,उमालेको गाई दूध,Boiled Cow Milk (Umaleko Gai Dudh - उमालेको गाई दूध),Dairy,Boiled cow milk,per 100 g edible portion,110.6,5.302,3.642,1.526,0.212,4.921,5.447,5.269,0,23.19,80.31,83.72,74.84,0.039,6.026,0.462,0.179,0.139,0.414,0.042,0.443,0.217,0.106,0.388,153.7,0.018,0.093,14.65,0.009,115.4,158.2,3.596,0.63,28.22,"Approximate; raw foods reference-style, prepared foods recipe estimate"
251,Omelette,Anda Omelette,अण्डा ओमलेट,Omelette (Anda Omelette - अण्डा ओमलेट),Egg,Two-egg style omelette,per 100 g edible portion,173.5,13.36,3.364,4.841,1.804,1.8,1.245,12.41,0.197,345.7,193.7,72.91,158.8,0.075,48.83,0.978,0.441,0.108,1.331,0.112,0,2.178,1.226,0.253,54.28,0.052,1.305,11.21,0.034,193.8,127.2,26.14,0.999,51.33,"Approximate; raw foods reference-style, prepared foods recipe estimate"
252,Scrambled Egg,Anda Bhurji,अण्डा भुर्जी,Scrambled Egg (Anda Bhurji - अण्डा भुर्जी),Egg,Scrambled egg with onion/tomato,per 100 g edible portion,185.2,11.09,3.527,4.06,1.83,2.06,1.191,13.37,0.201,282.4,180.1,71.06,139.1,0.065,49.68,0.907,0.438,0.1,1.452,0.121,0,2.257,1.214,0.284,64.92,0.05,1.51,10.89,0.033,169.5,152.7,26.53,1.166,55.9,"Approximate; raw foods reference-style, prepared foods recipe estimate"
253,Fried Egg,Tareko Anda,तारेको अण्डा,Fried Egg (Tareko Anda - तारेको अण्डा),Egg,Pan-fried egg,per 100 g edible portion,199.4,14.83,3.634,4.83,1.918,2.013,1.434,12.31,0.181,295.1,202.0,74.15,150.6,0.077,44.61,1.206,0.45,0.092,1.447,0.128,0,1.742,1.066,0.281,65.49,0.053,1.325,10.97,0.028,198.0,154.3,29.28,1.193,51.76,"Approximate; raw foods reference-style, prepared foods recipe estimate"
254,Egg Bhurji Curry,Anda Bhurji Tarkari,अण्डा भुर्जी तरकारी,Egg Bhurji Curry (Anda Bhurji Tarkari - अण्डा भुर्जी तरकारी),Egg,Spiced scrambled egg,per 100 g edible portion,177.1,12.61,3.83,4.085,2.181,1.972,1.277,12.78,0.219,280.7,200.5,67.93,153.5,0.07,49.7,0.953,0.424,0.093,1.243,0.131,0,2.172,1.116,0.254,54.29,0.053,1.512,11.86,0.029,165.7,141.4,27.49,0.989,53.4,"Approximate; raw foods reference-style, prepared foods recipe estimate"
255,Chicken Sekuwa,Kukhura Sekuwa,कुखुरा सेकुवा,Chicken Sekuwa (Kukhura Sekuwa - कुखुरा सेकुवा),Meat,Grilled chicken,per 100 g edible portion,230.7,9.837,4.407,4.161,1.617,2.736,0.718,20.81,0.219,67.52,438.6,58.6,12.69,0.124,8.209,2.34,0.16,4.971,0.881,0.311,1.049,0.189,0.511,3.086,17.98,0.113,2.453,22.02,0.037,192.4,280.5,18.38,3.846,83.99,"Approximate; raw foods reference-style, prepared foods recipe estimate"
256,Buff Sekuwa,Buff Sekuwa,बफ सेकुवा,Buff Sekuwa (Buff Sekuwa - बफ सेकुवा),Meat,Grilled buffalo meat,per 100 g edible portion,203.8,10.09,3.687,5.04,1.432,2.729,0.705,24.69,0.205,70.89,494.2,55.09,12.59,0.113,7.787,2.29,0.189,5.883,0.753,0.37,1.104,0.206,0.531,2.806,22.19,0.133,2.749,24.83,0.043,208.7,323.9,19.85,3.664,98.87,"Approximate; raw foods reference-style, prepared foods recipe estimate"
257,Goat Sekuwa,Khasi Sekuwa,खसी सेकुवा,Goat Sekuwa (Khasi Sekuwa - खसी सेकुवा),Meat,Grilled goat meat,per 100 g edible portion,189.1,11.98,3.644,4.421,1.539,2.515,0.841,23.67,0.198,81.81,441.1,62.83,16.17,0.118,8.696,2.027,0.18,5.68,0.8,0.334,0.903,0.197,0.541,2.882,21.17,0.113,2.369,23.99,0.039,209.6,297.1,19.27,3.912,93.98,"Approximate; raw foods reference-style, prepared foods recipe estimate"
258,Pork Sekuwa,Bangur Sekuwa,बंगुर सेकुवा,Pork Sekuwa (Bangur Sekuwa - बंगुर सेकुवा),Meat,Grilled pork,per 100 g edible portion,185.6,10.9,3.576,4.786,1.595,2.624,0.843,22.8,0.224,72.24,419.7,61.95,14.25,0.124,7.61,1.7,0.173,5.243,0.733,0.352,0.966,0.167,0.458,2.67,18.29,0.123,2.292,22.0,0.039,209.1,332.6,17.57,3.294,91.1,"Approximate; raw foods reference-style, prepared foods recipe estimate"
259,Chicken Choila,Kukhura Choila,कुखुरा छोइला,Chicken Choila (Kukhura Choila - कुखुरा छोइला),Meat,Spiced grilled chicken,per 100 g edible portion,219.0,9.824,3.849,4.961,1.421,2.418,0.797,21.02,0.212,76.89,424.9,54.52,14.08,0.127,7.486,2.032,0.187,5.761,0.768,0.373,0.946,0.207,0.478,3.226,18.49,0.127,2.442,21.38,0.036,198.2,274.8,23.06,3.769,84.56,"Approximate; raw foods reference-style, prepared foods recipe estimate"
260,Buff Choila,Buff Choila,बफ छोइला,Buff Choila (Buff Choila - बफ छोइला),Meat,Spiced grilled buffalo,per 100 g edible portion,200.9,11.72,3.841,4.306,1.642,2.454,0.891,21.65,0.204,67.77,395.1,63.24,12.42,0.124,7.091,2.109,0.183,5.929,0.765,0.346,1.091,0.221,0.486,3.187,18.58,0.111,2.663,25.87,0.035,210.8,338.2,23.34,3.592,88.24,"Approximate; raw foods reference-style, prepared foods recipe estimate"
261,Duck Curry,Hans ko Masu,हाँसको मासु,Duck Curry (Hans ko Masu - हाँसको मासु),Meat,Duck curry,per 100 g edible portion,194.3,11.07,4.056,4.661,1.588,2.625,0.893,25.18,0.211,73.04,469.9,65.65,16.49,0.117,9.128,2.098,0.164,5.741,0.811,0.338,1.028,0.217,0.547,2.641,21.63,0.119,2.339,25.89,0.043,204.6,303.3,22.09,3.779,99.42,"Approximate; raw foods reference-style, prepared foods recipe estimate"
262,Duck Roast,Poleko Hans,पोलेको हाँस,Duck Roast (Poleko Hans - पोलेको हाँस),Meat,Roasted duck,per 100 g edible portion,234.7,10.64,3.821,4.08,1.367,2.784,0.844,23.94,0.211,74.42,447.4,56.65,17.42,0.121,6.808,1.901,0.172,5.938,0.823,0.355,1.118,0.168,0.484,2.495,20.26,0.11,2.707,22.91,0.038,209.9,303.3,17.96,3.871,95.77,"Approximate; raw foods reference-style, prepared foods recipe estimate"
263,Pigeon Curry,Parewa ko Masu,परेवाको मासु,Pigeon Curry (Parewa ko Masu - परेवाको मासु),Meat,Pigeon curry,per 100 g edible portion,234.6,12.2,3.972,4.229,1.673,2.292,0.859,24.63,0.201,63.84,451.0,56.69,14.6,0.111,7.065,1.751,0.162,5.3,0.717,0.38,1.001,0.232,0.498,3.009,19.2,0.121,2.766,24.1,0.042,194.8,279.3,21.21,3.08,97.96,"Approximate; raw foods reference-style, prepared foods recipe estimate"
264,Quail Curry,Battai ko Masu,बट्टाईको मासु,Quail Curry (Battai ko Masu - बट्टाईको मासु),Meat,Quail curry,per 100 g edible portion,215.8,11.03,3.755,4.783,1.434,2.651,0.749,21.51,0.196,67.91,439.7,56.55,17.56,0.116,6.678,2.154,0.175,5.774,0.764,0.346,1.058,0.188,0.444,3.162,20.36,0.134,2.41,26.77,0.037,176.4,297.8,18.15,3.35,86.78,"Approximate; raw foods reference-style, prepared foods recipe estimate"
265,Dried Fish,Sukeko Machha,सुकेको माछा,Dried Fish (Sukeko Machha - सुकेको माछा),Fish,Dried fish,per 100 g edible portion,154.6,7.685,1.611,2.522,1.848,1.411,0.286,21.83,0,62.81,149.2,63.88,20.91,0.079,11.51,2.69,0.121,3.97,0.669,0.31,0,4.246,0.981,0.366,34.93,0.066,0.928,29.45,0.03,194.9,343.7,30.11,1.007,84.69,"Approximate; raw foods reference-style, prepared foods recipe estimate"
266,Fried Fish,Tareko Machha,तारेको माछा,Fried Fish (Tareko Machha - तारेको माछा),Fish,Pan-fried freshwater fish,per 100 g edible portion,193.8,9.767,1.487,2.497,1.957,1.345,0.313,20.07,0,51.76,206.9,64.18,24.08,0.082,8.394,3.489,0.128,3.597,0.693,0.372,0,3.704,0.972,0.337,35.49,0.062,0.912,26.81,0.027,240.9,361.9,33.03,1.052,78.68,"Approximate; raw foods reference-style, prepared foods recipe estimate"
267,Grilled Fish,Poleko Machha,पोलेको माछा,Grilled Fish (Poleko Machha - पोलेको माछा),Fish,Grilled freshwater fish,per 100 g edible portion,138.9,6.538,1.547,2.387,2.198,1.395,0.298,23.1,0,58.51,208.0,77.89,21.8,0.083,11.27,2.912,0.124,4.355,0.712,0.333,0,3.915,0.958,0.422,35.18,0.064,0.889,27.12,0.031,216.7,292.2,27.68,0.891,88.27,"Approximate; raw foods reference-style, prepared foods recipe estimate"
268,Fish Soup,Machha ko Jhol,माछाको झोल,Fish Soup (Machha ko Jhol - माछाको झोल),Fish,Light fish soup,per 100 g edible portion,110.4,6.893,1.394,2.697,2.033,1.591,0.279,21.31,0,59.05,198.0,82,21.48,0.087,11.74,3.105,0.121,4.333,0.739,0.361,0,4.146,1.006,0.343,32.19,0.063,0.981,26.99,0.028,220.3,342.8,24.43,1.096,82.73,"Approximate; raw foods reference-style, prepared foods recipe estimate"
269,Small River Fish,Sano Khola Machha,सानो खोला माछा,Small River Fish (Sano Khola Machha - सानो खोला माछा),Fish,Cooked small river fish,per 100 g edible portion,136.9,6.274,1.384,2.743,2.166,1.332,0.279,21.12,0,56.98,153.4,67.98,20.73,0.084,8.86,3.122,0.129,3.956,0.69,0.387,0,4.374,0.952,0.413,37.44,0.076,0.884,26.78,0.029,240.3,361.0,25.75,1.026,82.3,"Approximate; raw foods reference-style, prepared foods recipe estimate"
270,Rohu Curry,Rohu Machha,रोहु माछा,Rohu Curry (Rohu Machha - रोहु माछा),Fish,Rohu fish curry,per 100 g edible portion,152.4,7.831,1.338,2.784,1.895,1.453,0.308,20.41,0,69.56,192.2,71.78,21.2,0.088,9.596,2.469,0.111,3.562,0.636,0.359,0,4.248,0.932,0.46,37.73,0.075,0.887,30.84,0.03,238.3,347.2,25.6,1.01,79.96,"Approximate; raw foods reference-style, prepared foods recipe estimate"
271,Trout Grilled,Trout Poleko,ट्राउट पोलेको,Trout Grilled (Trout Poleko - ट्राउट पोलेको),Fish,Grilled trout,per 100 g edible portion,171.4,6.331,1.673,2.67,1.93,1.501,0.321,22.63,0,64.14,160.8,69.51,21.32,0.075,9.9,3.386,0.127,4.431,0.633,0.351,0,3.604,0.882,0.407,33.53,0.078,1.04,29.08,0.032,208.9,311.0,30.39,0.993,87.25,"Approximate; raw foods reference-style, prepared foods recipe estimate"
272,Chicken Liver,Kukhura Kalejo,कुखुरा कलेजो,Chicken Liver (Kukhura Kalejo - कुखुरा कलेजो),Organ Meat,Cooked chicken liver,per 100 g edible portion,159.9,5.497,1.77,2.149,1.096,2.937,0.465,22.95,0,400.9,108.2,60.95,4067.5,0.213,253.2,41.32,2.011,11.59,6.224,0.667,21.28,1.064,0.585,2.599,12.86,5.552,8.949,23.49,0.279,335.0,323.9,51.17,4.442,100,"Approximate; raw foods reference-style, prepared foods recipe estimate"
273,Goat Liver,Khasi Kalejo,खसी कलेजो,Goat Liver (Khasi Kalejo - खसी कलेजो),Organ Meat,Cooked goat liver,per 100 g edible portion,176.3,5.57,1.794,2.054,1.343,3.263,0.468,23.53,0,339.8,106.8,58.46,4271.2,0.207,312.6,42.74,2.113,11.64,5.952,0.66,22.13,1.055,0.608,3.288,11.98,5.391,8.215,26.51,0.305,320.7,299.9,41.71,3.723,100,"Approximate; raw foods reference-style, prepared foods recipe estimate"
274,Buff Liver,Buff Kalejo,बफ कलेजो,Buff Liver (Buff Kalejo - बफ कलेजो),Organ Meat,Cooked buffalo liver,per 100 g edible portion,181.5,6.274,2.094,2.203,1.06,2.872,0.518,25.91,0,372.9,105.2,71.0,5210.7,0.209,297.3,34.19,2.201,11.47,6.249,0.72,20.99,0.903,0.569,3.365,10.61,4.915,7.971,24.38,0.276,291.5,322.4,48.19,3.963,100,"Approximate; raw foods reference-style, prepared foods recipe estimate"
275,Chicken Soup,Kukhura ko Jhol,कुखुराको झोल,Chicken Soup (Kukhura ko Jhol - कुखुराको झोल),Meat,Light chicken soup,per 100 g edible portion,129.8,11.09,3.693,4.619,1.496,2.277,0.728,23.59,0.222,71.55,545.0,82,15.79,0.127,9.247,2.132,0.178,5.736,0.843,0.385,0.902,0.209,0.481,3.315,18.89,0.128,2.525,22.08,0.039,208.5,344.8,19.36,3.663,94.52,"Approximate; raw foods reference-style, prepared foods recipe estimate"
276,Goat Soup,Khasi ko Jhol,खसीको झोल,Goat Soup (Khasi ko Jhol - खसीको झोल),Meat,Light goat soup,per 100 g edible portion,152.0,10.89,3.963,4.139,1.476,2.262,0.731,22.12,0.192,63.71,451.8,82,15.52,0.127,9.395,2.236,0.178,5.044,0.795,0.37,1.069,0.221,0.507,2.768,20.56,0.121,2.674,24.89,0.044,203.5,294.5,23.14,3.658,89.37,"Approximate; raw foods reference-style, prepared foods recipe estimate"
277,Buff Soup,Buff ko Jhol,बफको झोल,Buff Soup (Buff ko Jhol - बफको झोल),Meat,Light buffalo soup,per 100 g edible portion,140.8,11.83,3.684,4.919,1.42,2.252,0.893,24.31,0.213,73.97,549.7,82,17.66,0.115,7.616,1.903,0.166,5.007,0.775,0.336,0.941,0.18,0.47,3.257,20.59,0.125,2.563,26.17,0.04,209.2,320.8,18.27,3.553,97.09,"Approximate; raw foods reference-style, prepared foods recipe estimate"
278,Bone Broth,Haddi ko Jhol,हड्डीको झोल,Bone Broth (Haddi ko Jhol - हड्डीको झोल),Meat,Meat bone broth,per 100 g edible portion,125.2,13.42,4.425,4.13,1.538,2.317,0.869,25.12,0.179,84.16,521.1,82,13.41,0.114,7.282,2.146,0.176,5.637,0.814,0.385,1.103,0.18,0.473,3.105,19.64,0.134,2.501,26.66,0.039,203.0,330.4,19.72,3.81,99.72,"Approximate; raw foods reference-style, prepared foods recipe estimate"
279,Chicken Sausage,Kukhura Sausage,कुखुरा ससेज,Chicken Sausage (Kukhura Sausage - कुखुरा ससेज),Processed Meat,Cooked chicken sausage,per 100 g edible portion,251.6,15.21,4.921,6.192,2.225,6.267,1.536,15.02,0.442,60.27,920.0,57.57,14.42,0.136,5.262,1.344,0.123,3.917,0.751,0.258,1.111,0.202,0.405,2.313,30.77,0.086,1.456,22.29,0.033,188.8,262.5,13.94,1.761,63.13,"Approximate; raw foods reference-style, prepared foods recipe estimate"
280,Pineapple,Bhuikatahar,भुइँकटहर,Pineapple (Bhuikatahar - भुइँकटहर),Fruit,Raw,per 100 g edible portion,61.84,0.447,0.08,0.072,0.159,15.24,10.02,0.83,2.29,0,2.106,92.79,25.87,0.041,16.28,0,0.038,0.432,0.19,0.072,24.49,0,0.362,2.705,20.05,0.089,0.368,16.22,0.113,24.0,185.6,0.332,0.166,23.87,"Approximate; raw foods reference-style, prepared foods recipe estimate"
281,Kiwi,Kiwi,किवी,Kiwi (Kiwi - किवी),Fruit,Raw,per 100 g edible portion,58.97,0.421,0.088,0.082,0.141,14.2,10.23,0.747,2.688,0,1.763,89.11,25.75,0.045,20.09,0,0.043,0.419,0.187,0.08,26.34,0,0.44,3.464,16.27,0.077,0.339,16.52,0.115,19.64,174.4,0.341,0.134,25.48,"Approximate; raw foods reference-style, prepared foods recipe estimate"
282,Strawberry,Strawberry,स्ट्रबेरी,Strawberry (Strawberry - स्ट्रबेरी),Fruit,Raw,per 100 g edible portion,57.02,0.373,0.088,0.088,0.156,15.26,10.85,0.78,2.531,0,2.193,88.61,26.91,0.04,18.34,0,0.04,0.387,0.18,0.086,23.39,0,0.399,2.564,19.01,0.071,0.331,16.74,0.125,22.87,176.1,0.327,0.151,24.34,"Approximate; raw foods reference-style, prepared foods recipe estimate"
283,Peach,Aaru,आरु,Peach (Aaru - आरु),Fruit,Raw,per 100 g edible portion,57.76,0.442,0.075,0.085,0.144,16.12,11.4,0.76,2.736,0,2.01,73.85,27.25,0.04,19.74,0,0.042,0.386,0.219,0.076,24.27,0,0.364,3.014,18.07,0.085,0.323,13.29,0.129,24.51,163.5,0.307,0.157,25.01,"Approximate; raw foods reference-style, prepared foods recipe estimate"
284,Plum,Aalubakhada,आलुबखडा,Plum (Aalubakhada - आलुबखडा),Fruit,Raw,per 100 g edible portion,64.4,0.434,0.08,0.077,0.153,13.99,11.59,0.782,2.74,0,1.779,80.77,27.6,0.038,14.99,0,0.041,0.379,0.217,0.083,27.79,0,0.445,2.981,18.74,0.088,0.343,15.76,0.127,24.28,200.1,0.275,0.166,26.55,"Approximate; raw foods reference-style, prepared foods recipe estimate"
285,Apricot,Khubani,खुबानी,Apricot (Khubani - खुबानी),Fruit,Raw,per 100 g edible portion,63.75,0.443,0.084,0.077,0.145,15.93,9.934,0.784,2.601,0,1.909,86.35,23.7,0.038,18.4,0,0.042,0.441,0.201,0.085,22.97,0,0.393,3.233,17.51,0.071,0.347,16.7,0.107,20.99,160.4,0.324,0.158,24.36,"Approximate; raw foods reference-style, prepared foods recipe estimate"
286,Persimmon,Haluwabed,हलुवाबेद,Persimmon (Haluwabed - हलुवाबेद),Fruit,Raw,per 100 g edible portion,58.06,0.416,0.071,0.071,0.139,14.36,10.02,0.817,2.6,0,2.121,79.68,28.42,0.045,17.39,0,0.04,0.383,0.204,0.077,27.01,0,0.4,2.797,17.9,0.072,0.331,13.37,0.119,19.58,186.1,0.298,0.158,25.48,"Approximate; raw foods reference-style, prepared foods recipe estimate"
287,Fig,Anjeer,अञ्जिर,Fig (Anjeer - अञ्जिर),Fruit,Raw fresh,per 100 g edible portion,64.63,0.385,0.079,0.073,0.162,15.95,11.61,0.779,2.233,0,1.726,82.05,25.77,0.037,16.13,0,0.04,0.39,0.191,0.075,22.68,0,0.417,3.248,16.81,0.086,0.313,14.77,0.127,23.54,178.6,0.336,0.157,22.58,"Approximate; raw foods reference-style, prepared foods recipe estimate"
288,Dates,Khajur,खजुर,Dates (Khajur - खजुर),Fruit,Dried dates,per 100 g edible portion,277,0.2,0.03,0.04,0.08,75,66.5,1.8,6.7,0,1,21,21.65,0.044,18.49,0,0.042,0.426,0.196,0.072,26.87,0,0.438,2.864,16.74,0.073,0.382,16.08,0.128,20.2,198.6,0.35,0.136,47.62,"Approximate; raw foods reference-style, prepared foods recipe estimate"
289,Raisin,Kismis,किसमिस,Raisin (Kismis - किसमिस),Fruit,Dried grapes,per 100 g edible portion,299,0.5,0.15,0.05,0.04,79,59,3.1,3.7,0,11,15.4,29.38,0.038,20.2,0,0.044,0.378,0.203,0.079,22.12,0,0.441,3.129,15.89,0.077,0.38,15.58,0.118,23.66,180.6,0.35,0.137,36.56,"Approximate; raw foods reference-style, prepared foods recipe estimate"
290,Coconut Meat,Nariwal,नरिवल,Coconut Meat (Nariwal - नरिवल),Fruit,Fresh coconut meat,per 100 g edible portion,354,33.5,29.7,1.4,0.4,15.2,6.2,3.3,9,0,20,47,21.42,0.044,15.94,0,0.041,0.361,0.182,0.075,23.34,0,0.436,2.615,19.49,0.085,0.374,14.39,0.125,24.15,200.5,0.329,0.143,61.31,"Approximate; raw foods reference-style, prepared foods recipe estimate"
291,Tender Coconut Water,Nariwal Pani,नरिवल पानी,Tender Coconut Water (Nariwal Pani - नरिवल पानी),Beverage,Fresh coconut water,per 100 g edible portion,46.56,1.66,0.878,0.393,0.107,6.946,5.987,1.091,0.109,4.187,22.27,85.11,16.94,0.022,3.407,0.223,0.067,0.092,0.187,0.021,1.961,0.045,0.046,0.174,40.19,0.011,0.045,7.549,0.033,38.15,71.42,0.979,0.193,7.93,"Approximate; raw foods reference-style, prepared foods recipe estimate"
292,Lemon,Kagati,कागती,Lemon (Kagati - कागती),Fruit,Raw,per 100 g edible portion,56.9,0.374,0.072,0.075,0.139,14.51,11.1,0.799,2.8,0,2.167,77.57,21.45,0.044,20.88,0,0.038,0.373,0.182,0.078,22.54,0,0.382,2.476,17.19,0.084,0.373,14.95,0.122,20.86,179.7,0.269,0.137,25.39,"Approximate; raw foods reference-style, prepared foods recipe estimate"
293,Lime,Nibuwa,निबुवा,Lime (Nibuwa - निबुवा),Fruit,Raw,per 100 g edible portion,53.68,0.352,0.082,0.09,0.149,14.32,10.18,0.879,2.384,0,2.03,81.79,21.3,0.039,15.46,0,0.04,0.446,0.221,0.086,26.28,0,0.36,3.106,16.67,0.088,0.382,16.59,0.106,19.95,173.9,0.266,0.167,24.64,"Approximate; raw foods reference-style, prepared foods recipe estimate"
294,Pomelo,Bhogate,भोगटे,Pomelo (Bhogate - भोगटे),Fruit,Raw,per 100 g edible portion,64.99,0.371,0.075,0.077,0.139,13.89,10.56,0.705,2.296,0,1.772,85.92,28.05,0.04,19.39,0,0.044,0.386,0.189,0.089,23.89,0,0.417,3.436,19.02,0.083,0.33,13.97,0.112,19.87,176.6,0.324,0.167,22.96,"Approximate; raw foods reference-style, prepared foods recipe estimate"
295,Grapefruit,Chakotra,चकोतरा,Grapefruit (Chakotra - चकोतरा),Fruit,Raw,per 100 g edible portion,58.73,0.359,0.088,0.09,0.152,14.57,11.19,0.848,2.662,0,1.806,79.96,28.82,0.036,19.48,0,0.042,0.414,0.185,0.072,26.45,0,0.378,2.942,19.65,0.088,0.313,14.93,0.107,23.29,181.5,0.275,0.153,25.82,"Approximate; raw foods reference-style, prepared foods recipe estimate"
296,Wood Apple,Bel,बेल,Wood Apple (Bel - बेल),Fruit,Raw pulp,per 100 g edible portion,63.09,0.436,0.086,0.076,0.163,13.25,11.51,0.793,2.579,0,1.909,89.72,29.47,0.04,20.08,0,0.035,0.391,0.19,0.078,25.07,0,0.352,3.471,20.09,0.071,0.32,13.73,0.108,22.12,188.6,0.34,0.142,24.99,"Approximate; raw foods reference-style, prepared foods recipe estimate"
297,Bael Juice,Bel ko Sarbat,बेलको सर्वत,Bael Juice (Bel ko Sarbat - बेलको सर्वत),Beverage,Bael fruit drink,per 100 g edible portion,46.45,1.558,0.943,0.357,0.096,6.72,5.947,1.119,0.102,5.823,29.47,100.7,13.15,0.018,3.24,0.211,0.062,0.102,0.179,0.02,1.87,0.05,0.047,0.167,44.05,0.009,0.051,7.412,0.028,35.98,68.1,1.023,0.183,8.11,"Approximate; raw foods reference-style, prepared foods recipe estimate"
298,Mulberry,Kimbu,किम्बु,Mulberry (Kimbu - किम्बु),Fruit,Raw,per 100 g edible portion,61.52,0.429,0.077,0.074,0.167,15.58,10.89,0.791,2.577,0,2.059,82.15,25.71,0.036,19.29,0,0.037,0.436,0.208,0.079,25.06,0,0.427,3.508,17.7,0.081,0.373,13.23,0.119,24.35,176.2,0.322,0.154,24.81,"Approximate; raw foods reference-style, prepared foods recipe estimate"
299,Indian Gooseberry,Amala,अमला,Indian Gooseberry (Amala - अमला),Fruit,Raw,per 100 g edible portion,55.36,0.413,0.087,0.071,0.166,13.51,12.16,0.772,2.704,0,1.965,90.22,27.84,0.037,15.67,0,0.04,0.356,0.219,0.086,26.37,0,0.415,2.836,18.31,0.089,0.331,15.69,0.111,22.24,200.5,0.298,0.166,25.98,"Approximate; raw foods reference-style, prepared foods recipe estimate"
300,Gooseberry Pickle,Amala ko Achar,अमलाको अचार,Gooseberry Pickle (Amala ko Achar - अमलाको अचार),Pickle/Side,Amla pickle,per 100 g edible portion,61.76,3.188,0.452,1.109,1.056,8.173,3.343,1.396,2.464,0,945.8,76.72,50.55,0.047,23.83,0,0.049,0.768,0.255,0.132,12.31,0,0.774,10.82,43.57,0.124,0.721,27.51,0.242,47.08,232.0,0.778,0.498,26.9,"Approximate; raw foods reference-style, prepared foods recipe estimate"
301,Black Plum,Jamun,जामुन,Black Plum (Jamun - जामुन),Fruit,Raw,per 100 g edible portion,58.99,0.414,0.088,0.082,0.157,16.04,10.02,0.808,2.597,0,2.292,88.27,25.51,0.043,16.37,0,0.038,0.435,0.215,0.078,27.45,0,0.421,2.752,16.03,0.076,0.37,13.76,0.114,20.77,158.4,0.294,0.142,25.25,"Approximate; raw foods reference-style, prepared foods recipe estimate"
302,Loquat,Lokaat,लोकाट,Loquat (Lokaat - लोकाट),Fruit,Raw,per 100 g edible portion,67.05,0.408,0.087,0.075,0.135,16.57,11.5,0.72,2.484,0,1.93,85.04,28.59,0.041,18.28,0,0.039,0.421,0.205,0.077,27.23,0,0.441,3.384,16.99,0.088,0.39,13.46,0.108,22.11,165.1,0.302,0.159,24.52,"Approximate; raw foods reference-style, prepared foods recipe estimate"
303,Dragon Fruit,Dragon Fruit,ड्रागन फ्रुट,Dragon Fruit (Dragon Fruit - ड्रागन फ्रुट),Fruit,Raw,per 100 g edible portion,62.07,0.422,0.076,0.083,0.139,16.58,10.11,0.748,2.526,0,2.276,74.87,27.49,0.037,19.62,0,0.044,0.408,0.214,0.08,22.55,0,0.44,3.466,16.5,0.075,0.351,14.13,0.129,21.77,200.0,0.274,0.149,24.06,"Approximate; raw foods reference-style, prepared foods recipe estimate"
304,Avocado,Avocado,एभोकाडो,Avocado (Avocado - एभोकाडो),Fruit,Raw,per 100 g edible portion,160,14.7,2.1,9.8,1.8,8.5,0.7,2,6.7,0,7,73.2,27.1,0.04,19.73,0,0.04,0.414,0.202,0.083,22.49,0,0.405,2.915,17.96,0.084,0.329,13.39,0.111,22.5,194.8,0.265,0.14,47.49,"Approximate; raw foods reference-style, prepared foods recipe estimate"
305,Custard Apple,Sitaphal,सीताफल,Custard Apple (Sitaphal - सीताफल),Fruit,Raw,per 100 g edible portion,60.07,0.394,0.074,0.088,0.164,13.84,10.29,0.836,2.708,0,2.319,77.67,29.0,0.037,21.23,0,0.04,0.443,0.223,0.082,26.51,0,0.386,3.476,16.88,0.088,0.325,14.71,0.114,20.62,161.7,0.249,0.157,25.67,"Approximate; raw foods reference-style, prepared foods recipe estimate"
306,Star Fruit,Kamrakh,कमरख,Star Fruit (Kamrakh - कमरख),Fruit,Raw,per 100 g edible portion,53.86,0.425,0.086,0.073,0.133,13.78,12.02,0.85,2.427,0,2.34,84.41,29.3,0.04,15.68,0,0.042,0.426,0.188,0.077,22.46,0,0.374,2.962,17.17,0.077,0.39,13.81,0.108,20.51,193.8,0.342,0.141,23.97,"Approximate; raw foods reference-style, prepared foods recipe estimate"
307,Passion Fruit,Passion Fruit,प्यासन फ्रुट,Passion Fruit (Passion Fruit - प्यासन फ्रुट),Fruit,Raw,per 100 g edible portion,55.57,0.402,0.072,0.078,0.167,13.82,9.905,0.858,2.21,0,2.244,82.92,27.04,0.044,16.47,0,0.036,0.372,0.214,0.089,25.19,0,0.419,3.288,16.55,0.078,0.336,16.2,0.107,24.43,179.1,0.253,0.162,23.45,"Approximate; raw foods reference-style, prepared foods recipe estimate"
308,Tamarind,Imli,इमली,Tamarind (Imli - इमली),Fruit,Raw pulp,per 100 g edible portion,65.39,0.383,0.081,0.087,0.153,13.84,10.33,0.878,2.44,0,1.669,89.79,24.31,0.037,19.38,0,0.036,0.408,0.203,0.083,23.7,0,0.358,2.631,17.99,0.085,0.31,13.52,0.115,20.02,184.9,0.311,0.14,24.15,"Approximate; raw foods reference-style, prepared foods recipe estimate"
309,Tamarind Chutney,Imli ko Chutney,इमलीको चट्नी,Tamarind Chutney (Imli ko Chutney - इमलीको चट्नी),Condiment,Sweet-sour tamarind chutney,per 100 g edible portion,88.51,5.574,0.863,1.983,1.958,9.467,4.311,2.219,2.571,0,431.9,74.19,78.56,0.074,26.77,0,0.058,1.056,0.323,0.162,12.0,0,0.85,12.45,40.04,0.248,1.234,41.77,0.433,74.96,256.8,1.267,0.84,32.28,"Approximate; raw foods reference-style, prepared foods recipe estimate"
310,Sugar Apple,Sarifa,सरिफा,Sugar Apple (Sarifa - सरिफा),Fruit,Raw,per 100 g edible portion,65.37,0.357,0.077,0.086,0.136,14.92,10.99,0.894,2.654,0,2.269,80.6,29.15,0.042,17.09,0,0.042,0.383,0.182,0.084,22.34,0,0.373,2.806,17.31,0.084,0.344,15.72,0.128,22.66,199.4,0.274,0.158,25.22,"Approximate; raw foods reference-style, prepared foods recipe estimate"
311,Water Apple,Jamrul,जामरुल,Water Apple (Jamrul - जामरुल),Fruit,Raw,per 100 g edible portion,64.89,0.416,0.087,0.079,0.134,14.73,12.21,0.725,2.782,0,2.003,78.86,25.15,0.041,16.0,0,0.038,0.365,0.203,0.089,24.0,0,0.427,2.667,17.3,0.084,0.325,14.84,0.109,23.96,194.9,0.308,0.133,25.46,"Approximate; raw foods reference-style, prepared foods recipe estimate"
312,Sapodilla,Chiku,चिकु,Sapodilla (Chiku - चिकु),Fruit,Raw,per 100 g edible portion,56.75,0.37,0.083,0.071,0.16,14.72,11.02,0.816,2.458,0,1.91,84.99,21.62,0.038,15.39,0,0.038,0.366,0.213,0.071,25.0,0,0.411,3.035,18.16,0.082,0.334,13.46,0.114,20.3,177.8,0.314,0.164,24.3,"Approximate; raw foods reference-style, prepared foods recipe estimate"
313,Melon,Kharbuja Melon,खरबुजा मेलोन,Melon (Kharbuja Melon - खरबुजा मेलोन),Fruit,Raw,per 100 g edible portion,57.23,0.446,0.082,0.081,0.165,14.53,11.7,0.813,2.338,0,2.174,88.41,22.44,0.041,20.31,0,0.036,0.408,0.178,0.081,26.79,0,0.379,2.559,15.98,0.084,0.31,15.73,0.128,22.45,167.5,0.33,0.153,24.0,"Approximate; raw foods reference-style, prepared foods recipe estimate"
314,Muskmelon,Kharbuja Musk,मस्क खरबुजा,Muskmelon (Kharbuja Musk - मस्क खरबुजा),Fruit,Raw,per 100 g edible portion,62.41,0.354,0.084,0.076,0.157,14.37,11.96,0.813,2.445,0,2.06,76.46,29.32,0.04,16.39,0,0.043,0.379,0.201,0.083,22.97,0,0.414,2.998,16.1,0.089,0.343,14.27,0.122,22.65,195.9,0.298,0.149,23.94,"Approximate; raw foods reference-style, prepared foods recipe estimate"
315,Pani Puri,Pani Puri,पानीपुरी,Pani Puri (Pani Puri - पानीपुरी),Snack,Filled crisp puri with spiced water,per 100 g edible portion,270.7,15.05,1.851,3.385,3.9,27.31,4.161,6.691,2.791,5.308,427.2,38.8,19.17,0.119,39.42,0.051,0.087,1.53,0.335,0.136,3.563,0,1.061,4.384,36.44,0.187,1.621,45.65,0.591,112.4,245.3,4.53,0.981,47.25,"Approximate; raw foods reference-style, prepared foods recipe estimate"
316,Dahi Puri,Dahi Puri,दहीपुरी,Dahi Puri (Dahi Puri - दहीपुरी),Snack,Puri with yogurt and chutney,per 100 g edible portion,269.9,15.65,2.077,4.088,4.487,33.14,4.267,5.622,3.266,5.055,612.0,38.25,23.46,0.112,36.24,0.045,0.074,1.598,0.322,0.141,4.038,0,1.055,4.684,37.53,0.178,1.963,41.71,0.559,110.9,244.8,4.511,1.082,46.47,"Approximate; raw foods reference-style, prepared foods recipe estimate"
317,Bhel Puri,Bhel Puri,भेलपुरी,Bhel Puri (Bhel Puri - भेलपुरी),Snack,Puffed rice snack,per 100 g edible portion,317.9,14.94,2.06,3.892,4.632,31.5,3.733,5.748,2.809,4.6,518.0,40.55,23.04,0.112,36.23,0.057,0.086,1.624,0.291,0.133,3.589,0,1.047,4.621,37.24,0.177,1.973,41.75,0.515,105.9,241.4,4.827,1.098,43.87,"Approximate; raw foods reference-style, prepared foods recipe estimate"
318,Aloo Chop,Aalu Chop,आलु चप,Aloo Chop (Aalu Chop - आलु चप),Snack,Fried potato fritter,per 100 g edible portion,273.0,15.03,2.025,3.481,4.188,34.56,3.737,5.746,2.848,4.898,607.3,43.31,21.14,0.119,36.75,0.048,0.076,1.445,0.322,0.146,3.702,0,1.219,5.068,37.24,0.166,1.991,38.26,0.599,122.1,232.3,5.779,1.072,44.56,"Approximate; raw foods reference-style, prepared foods recipe estimate"
319,Vegetable Chop,Tarkari Chop,तरकारी चप,Vegetable Chop (Tarkari Chop - तरकारी चप),Snack,Fried vegetable croquette,per 100 g edible portion,299.0,14.94,1.897,3.643,4.483,28.23,4.117,6.061,2.946,4.922,594.5,46.67,17.25,0.123,30.37,0.059,0.071,1.542,0.272,0.133,3.767,0,1.105,4.605,35.29,0.2,1.807,38.13,0.53,108.5,234.4,5.132,0.895,45.18,"Approximate; raw foods reference-style, prepared foods recipe estimate"
320,Bread Pakora,Bread Pakoda,ब्रेड पकौडा,Bread Pakora (Bread Pakoda - ब्रेड पकौडा),Snack,Battered fried bread,per 100 g edible portion,294.1,15.77,1.895,3.977,4.508,28.35,4.134,5.804,3.179,5.453,486.0,46.76,20.57,0.119,36.57,0.045,0.074,1.735,0.328,0.153,4.284,0,1.006,4.444,32.01,0.182,1.755,38.74,0.509,128.8,257.6,5.503,0.882,45.6,"Approximate; raw foods reference-style, prepared foods recipe estimate"
321,Onion Pakora,Pyaj Pakoda,प्याज पकौडा,Onion Pakora (Pyaj Pakoda - प्याज पकौडा),Snack,Onion fritter,per 100 g edible portion,314.3,14.02,2.085,4.236,4.672,32.04,4.266,6.368,2.642,4.233,522.5,38.57,21.12,0.131,32.93,0.055,0.073,1.761,0.311,0.163,4.271,0,1.118,5.451,30.88,0.184,1.646,41.65,0.577,124.5,252.2,5.863,1.07,44.53,"Approximate; raw foods reference-style, prepared foods recipe estimate"
322,Potato Pakora,Aalu Pakoda,आलु पकौडा,Potato Pakora (Aalu Pakoda - आलु पकौडा),Snack,Potato fritter,per 100 g edible portion,302.6,16.31,2.189,4.162,4.225,29.03,3.521,6.371,3.013,5.116,571.7,45.07,17.96,0.108,38.15,0.043,0.071,1.707,0.272,0.166,3.937,0,1.198,4.745,36.85,0.201,1.605,38.01,0.519,110.6,253.0,4.468,0.921,46.35,"Approximate; raw foods reference-style, prepared foods recipe estimate"
323,Paneer Pakora,Paneer Pakoda,पनीर पकौडा,Paneer Pakora (Paneer Pakoda - पनीर पकौडा),Snack,Paneer fritter,per 100 g edible portion,313.4,13.65,2.17,4.014,3.832,31.02,4.464,5.738,3.328,4.46,471.3,46.14,19.28,0.132,30.11,0.047,0.086,1.472,0.283,0.152,3.967,0,1.111,4.155,32.45,0.177,1.666,43.39,0.607,117.1,214.7,4.234,1.056,45.25,"Approximate; raw foods reference-style, prepared foods recipe estimate"
324,Chicken Pakora,Chicken Pakoda,चिकेन पकौडा,Chicken Pakora (Chicken Pakoda - चिकेन पकौडा),Snack,Chicken fritter,per 100 g edible portion,265.1,14.36,1.847,4.148,4.469,31.27,4.171,6.673,3.217,5.327,486.4,42.94,19.43,0.107,33.71,0.058,0.081,1.608,0.269,0.144,4.418,0,1.12,5.249,34.24,0.171,1.629,42.84,0.489,131.1,222.3,5.187,0.898,48.93,"Approximate; raw foods reference-style, prepared foods recipe estimate"
325,Veg Spring Roll,Veg Spring Roll,भेज स्प्रिङ रोल,Veg Spring Roll (Veg Spring Roll - भेज स्प्रिङ रोल),Snack,Fried vegetable roll,per 100 g edible portion,231.8,10.29,2.11,3.573,3.936,32.96,3.752,5.969,2.668,4.847,448.9,39.01,21.46,0.112,36.44,0.055,0.079,1.676,0.271,0.16,3.845,0,1.052,5.349,36.58,0.167,1.755,41.31,0.592,131.2,248.7,5.828,0.972,44.71,"Approximate; raw foods reference-style, prepared foods recipe estimate"
326,Chicken Spring Roll,Chicken Spring Roll,चिकेन स्प्रिङ रोल,Chicken Spring Roll (Chicken Spring Roll - चिकेन स्प्रिङ रोल),Snack,Fried chicken roll,per 100 g edible portion,271.0,10.3,1.839,3.396,4.529,31.54,4.264,6.319,2.762,4.168,533.2,45.2,20.67,0.11,32.73,0.042,0.074,1.55,0.319,0.158,3.67,0,1.007,5.048,37.88,0.175,1.613,42.67,0.605,125.2,261.9,5.879,1.034,45.92,"Approximate; raw foods reference-style, prepared foods recipe estimate"
327,Fried Momo,Tareko Momo,तारेको मोमो,Fried Momo (Tareko Momo - तारेको मोमो),Prepared Meal,Deep-fried momo,per 100 g edible portion,201.9,8.823,1.212,1.904,2.154,21.87,2.54,6.866,2.006,16.17,384.9,64.84,49.88,0.081,33.04,0.206,0.079,1.522,0.325,0.156,6.512,0.091,0.644,7.028,30.74,0.137,1.244,27.88,0.38,109.1,218.8,7.004,1.065,42.81,"Approximate; raw foods reference-style, prepared foods recipe estimate"
328,C Momo,C Momo,सी मोमो,C Momo (C Momo - सी मोमो),Prepared Meal,Chili sauced momo,per 100 g edible portion,194.2,5.655,1.24,2.156,1.874,24.41,2.354,7.145,2.436,20.74,386.0,58.27,49.41,0.096,40.15,0.201,0.075,1.41,0.361,0.161,6.578,0.106,0.622,5.735,26.43,0.136,1.269,29.96,0.35,109.9,222.8,6.667,0.893,45.79,"Approximate; raw foods reference-style, prepared foods recipe estimate"
329,Jhol Momo,Jhol Momo,झोल मोमो,Jhol Momo (Jhol Momo - झोल मोमो),Prepared Meal,Momo in sesame-tomato broth,per 100 g edible portion,114.3,6.549,1.343,2.155,1.989,23.95,2.608,6.177,2.038,20.8,502.4,82,57.57,0.09,37.73,0.173,0.077,1.613,0.344,0.156,6.514,0.082,0.61,5.756,30.2,0.137,1.317,32.99,0.336,120.8,189.5,6.437,0.968,40.68,"Approximate; raw foods reference-style, prepared foods recipe estimate"
330,Kothey Momo,Kothey Momo,कोथे मोमो,Kothey Momo (Kothey Momo - कोथे मोमो),Prepared Meal,Pan-fried momo,per 100 g edible portion,166.5,6.191,1.442,2.069,2.138,25.67,2.651,6.819,2.347,16.55,336.2,62.89,46.25,0.089,33.08,0.195,0.089,1.544,0.359,0.135,5.859,0.088,0.663,6.049,32.68,0.139,1.422,32.95,0.364,113.4,217.1,5.922,0.977,44.84,"Approximate; raw foods reference-style, prepared foods recipe estimate"
331,Sadheko Momo,Sadheko Momo,साँधेको मोमो,Sadheko Momo (Sadheko Momo - साँधेको मोमो),Prepared Meal,Spiced tossed momo,per 100 g edible portion,183.2,5.75,1.397,2.311,2.023,22.64,2.683,6.788,2.276,16.04,356.7,60.84,48.29,0.08,41.02,0.201,0.078,1.399,0.356,0.151,6.183,0.087,0.533,6.142,31.18,0.14,1.511,30.43,0.324,102.9,202.2,6.677,0.988,44.29,"Approximate; raw foods reference-style, prepared foods recipe estimate"
332,Keema Noodles,Keema Chau Chau,किमा चाउचाउ,Keema Noodles (Keema Chau Chau - किमा चाउचाउ),Prepared Meal,Noodles with minced meat,per 100 g edible portion,154.3,6.539,1.423,2.015,1.947,22.87,2.747,6.882,2.134,20.1,444.9,59.8,59.22,0.096,33.81,0.177,0.071,1.486,0.348,0.139,6.428,0.116,0.573,6.279,30.94,0.138,1.472,29.41,0.327,120.4,189.8,6.198,1.114,43.72,"Approximate; raw foods reference-style, prepared foods recipe estimate"
333,Veg Chow Mein,Veg Chowmein,भेज चाउमिन,Veg Chow Mein (Veg Chowmein - भेज चाउमिन),Prepared Meal,Vegetable stir-fried noodles,per 100 g edible portion,168.8,6.441,1.355,2.21,2.032,21.28,2.291,6.666,1.956,15.89,401.9,64.34,57.59,0.084,31.7,0.235,0.082,1.655,0.323,0.166,5.964,0.106,0.594,6.69,27.98,0.129,1.243,29.09,0.34,107.3,179.0,6.537,1.031,41.25,"Approximate; raw foods reference-style, prepared foods recipe estimate"
334,Chicken Chow Mein,Chicken Chowmein,चिकेन चाउमिन,Chicken Chow Mein (Chicken Chowmein - चिकेन चाउमिन),Prepared Meal,Chicken stir-fried noodles,per 100 g edible portion,183.8,5.86,1.154,2.083,1.886,22.96,2.464,6.667,2.396,16.1,400.4,62.69,56.76,0.079,28.95,0.182,0.083,1.372,0.323,0.165,5.426,0.118,0.542,6.771,27.5,0.136,1.551,30.83,0.38,114.6,213.0,6.97,0.945,44.32,"Approximate; raw foods reference-style, prepared foods recipe estimate"
335,Buff Chow Mein,Buff Chowmein,बफ चाउमिन,Buff Chow Mein (Buff Chowmein - बफ चाउमिन),Prepared Meal,Buffalo stir-fried noodles,per 100 g edible portion,154.1,6.062,1.283,2.015,2.231,24.34,2.263,6.857,2.063,18.63,387.1,55.83,49.23,0.086,41.01,0.178,0.083,1.592,0.356,0.153,6.66,0.093,0.638,6.931,31.38,0.125,1.325,31.24,0.309,119.4,197.4,4.993,0.972,43.24,"Approximate; raw foods reference-style, prepared foods recipe estimate"
336,Egg Chow Mein,Anda Chowmein,अण्डा चाउमिन,Egg Chow Mein (Anda Chowmein - अण्डा चाउमिन),Prepared Meal,Egg stir-fried noodles,per 100 g edible portion,183.5,5.766,1.342,2.151,2.01,26.83,2.413,5.953,2.173,17.09,386.3,62.12,47.94,0.085,36.95,0.228,0.087,1.483,0.335,0.149,5.301,0.105,0.583,6.619,27.29,0.129,1.543,27.42,0.37,101.2,182.8,5.665,0.892,40.24,"Approximate; raw foods reference-style, prepared foods recipe estimate"
337,Veg Thukpa,Veg Thukpa,भेज थुक्पा,Veg Thukpa (Veg Thukpa - भेज थुक्पा),Prepared Meal,Vegetable noodle soup,per 100 g edible portion,167.9,5.975,1.223,2.061,2.229,21.2,2.381,6.897,2.138,17.97,348.2,56.66,48.59,0.095,33.32,0.185,0.077,1.546,0.344,0.156,5.852,0.103,0.53,6.443,33.6,0.151,1.246,28.14,0.374,104.4,219.7,5.269,1.084,43.53,"Approximate; raw foods reference-style, prepared foods recipe estimate"
338,Chicken Thukpa,Chicken Thukpa,चिकेन थुक्पा,Chicken Thukpa (Chicken Thukpa - चिकेन थुक्पा),Prepared Meal,Chicken noodle soup,per 100 g edible portion,187.6,6.402,1.362,2.113,2.145,22.35,2.728,6.654,2.409,21.17,442.1,54.27,48.82,0.084,32.28,0.165,0.074,1.335,0.346,0.158,6.712,0.092,0.59,6.196,30.68,0.133,1.488,31.42,0.378,115.2,219.9,4.971,0.909,44.75,"Approximate; raw foods reference-style, prepared foods recipe estimate"
339,Buff Thukpa,Buff Thukpa,बफ थुक्पा,Buff Thukpa (Buff Thukpa - बफ थुक्पा),Prepared Meal,Buffalo noodle soup,per 100 g edible portion,178.4,5.695,1.222,2.023,2.0,26.54,2.642,5.92,2.088,21.04,322.9,57.32,53.6,0.099,30.35,0.186,0.071,1.434,0.353,0.137,6.115,0.094,0.562,5.762,32.26,0.141,1.302,26.89,0.326,109.4,207.2,5.966,1.073,39.84,"Approximate; raw foods reference-style, prepared foods recipe estimate"
340,Aloo Sandheko,Aalu Sadheko,आलु साँधेको,Aloo Sandheko (Aalu Sadheko - आलु साँधेको),Snack,Spiced potato salad,per 100 g edible portion,253.5,12.01,1.959,3.976,4.122,33.03,4.043,6.683,3.166,4.594,550.1,47.71,18.16,0.106,38.43,0.059,0.082,1.571,0.325,0.141,3.776,0,1.046,5.141,37.28,0.18,1.897,46.6,0.489,105.8,234.0,4.285,0.97,49.88,"Approximate; raw foods reference-style, prepared foods recipe estimate"
341,Peanut Sadheko,Badam Sadheko,बदाम साँधेको,Peanut Sadheko (Badam Sadheko - बदाम साँधेको),Snack,Spiced peanut salad,per 100 g edible portion,225.3,11.19,2.058,3.399,3.848,30.36,3.855,6.371,3.019,5.183,581.5,42.31,20.42,0.108,37.34,0.043,0.085,1.774,0.317,0.164,3.767,0,1.132,4.691,35.24,0.198,1.717,39.39,0.501,111.9,223.7,4.664,0.928,47.14,"Approximate; raw foods reference-style, prepared foods recipe estimate"
342,Bhatmas Sadheko,Bhatmas Sadheko,भटमास साँधेको,Bhatmas Sadheko (Bhatmas Sadheko - भटमास साँधेको),Snack,Spiced soybean salad,per 100 g edible portion,258.8,12.15,1.973,3.544,4.261,30.09,4.118,6.236,2.975,4.369,473.6,43.44,18.16,0.13,38.67,0.051,0.074,1.69,0.31,0.15,4.354,0,1.022,5.728,31.99,0.159,1.727,43.96,0.603,111.5,257.8,5.711,0.935,46.99,"Approximate; raw foods reference-style, prepared foods recipe estimate"
343,Wai Wai Sadheko,Wai Wai Sadheko,वाईवाई साँधेको,Wai Wai Sadheko (Wai Wai Sadheko - वाईवाई साँधेको),Snack,Seasoned instant noodle salad,per 100 g edible portion,229.5,11.38,1.926,3.914,4.607,30.95,3.871,5.602,3.331,5.109,442.8,38.91,18.54,0.123,38.79,0.055,0.088,1.699,0.307,0.145,3.616,0,1.035,5.355,35.27,0.178,1.797,38.03,0.518,116.8,248.3,5.383,0.98,46.28,"Approximate; raw foods reference-style, prepared foods recipe estimate"
344,Newari Khaja Set,Newari Khaja,नेवारी खाजा,Newari Khaja Set (Newari Khaja - नेवारी खाजा),Prepared Meal,Typical beaten-rice snack set,per 100 g edible portion,178.4,6.202,1.189,2.17,1.848,26.02,2.462,6.309,2.381,19.02,402.7,58.59,55.54,0.092,38.35,0.191,0.087,1.574,0.379,0.138,5.616,0.109,0.596,5.435,30.26,0.154,1.392,27.17,0.362,112.8,180.3,5.703,0.987,42.24,"Approximate; raw foods reference-style, prepared foods recipe estimate"
345,Samay Baji,Samay Baji,समयबजी,Samay Baji (Samay Baji - समयबजी),Prepared Meal,Newari ceremonial snack set,per 100 g edible portion,156.8,5.434,1.159,1.923,2.1,24.58,2.568,5.822,2.392,17.95,368.9,56.28,45.57,0.095,34.5,0.226,0.071,1.385,0.327,0.15,6.592,0.097,0.627,7.0,27.13,0.129,1.284,31.42,0.355,102.5,207.2,5.686,1.073,41.0,"Approximate; raw foods reference-style, prepared foods recipe estimate"
346,Aloo Tama Bodi,Aalu Tama Bodi,आलु तामा बोडी,Aloo Tama Bodi (Aalu Tama Bodi - आलु तामा बोडी),Prepared Meal,Potato bamboo shoot black-eyed pea curry,per 100 g edible portion,183.8,6.588,1.414,1.911,2.062,25.56,2.611,6.392,2.168,16.01,355.1,64.97,55.54,0.086,32.76,0.199,0.079,1.555,0.337,0.139,6.344,0.105,0.617,5.352,29.09,0.156,1.24,30.22,0.314,112.3,201.0,6.843,0.895,41.72,"Approximate; raw foods reference-style, prepared foods recipe estimate"
347,Chatamari Egg,Anda Chatamari,अण्डा चटामरी,Chatamari Egg (Anda Chatamari - अण्डा चटामरी),Prepared Meal,Rice crepe with egg topping,per 100 g edible portion,193.3,5.826,1.417,2.168,1.996,21.78,2.317,5.879,2.422,15.65,412.8,62.52,55.65,0.097,40.84,0.181,0.087,1.525,0.376,0.137,5.627,0.096,0.604,6.974,28.27,0.157,1.3,27.09,0.313,117.2,184.1,6.558,1.026,40.68,"Approximate; raw foods reference-style, prepared foods recipe estimate"
348,Chatamari Keema,Keema Chatamari,किमा चटामरी,Chatamari Keema (Keema Chatamari - किमा चटामरी),Prepared Meal,Rice crepe with minced meat topping,per 100 g edible portion,157.0,5.313,1.281,2.318,2.193,24.55,2.382,6.256,2.006,18.08,378.7,65.01,48.39,0.089,40.3,0.22,0.078,1.391,0.375,0.132,6.282,0.086,0.649,5.694,31.99,0.149,1.408,27.87,0.331,123.1,188.4,6.355,0.941,40.74,"Approximate; raw foods reference-style, prepared foods recipe estimate"
349,Egg Bara,Anda Bara,अण्डा बारा,Egg Bara (Anda Bara - अण्डा बारा),Prepared Meal,Lentil pancake with egg,per 100 g edible portion,187.6,5.771,1.264,2.207,1.96,24.98,2.312,7.107,2.39,16.55,350.0,66.99,62.76,0.088,34.44,0.167,0.075,1.536,0.327,0.152,5.482,0.11,0.545,6.328,32.58,0.139,1.426,33.45,0.351,104.6,208.3,6.908,1.096,45.87,"Approximate; raw foods reference-style, prepared foods recipe estimate"
350,Black Coffee,Kalo Coffee,कालो कफी,Black Coffee (Kalo Coffee - कालो कफी),Beverage,Unsweetened brewed coffee,per 100 g edible portion,2,0,0,0,0,0.4,0,0.1,0,0,3,99.5,13.09,0.018,3.308,0.183,0.063,0.094,0.198,0.021,1.864,0.054,0.056,0.171,47.94,0.011,0.051,7.664,0.031,32.3,69.96,1.164,0.215,4.34,"Approximate; raw foods reference-style, prepared foods recipe estimate"
351,Milk Coffee,Dudh Coffee,दूध कफी,Milk Coffee (Dudh Coffee - दूध कफी),Beverage,Coffee with milk,per 100 g edible portion,46.61,1.502,0.885,0.444,0.109,6.659,6.105,1.125,0.095,5.19,29.41,98.04,13.26,0.018,3.398,0.198,0.072,0.107,0.185,0.019,2.206,0.048,0.05,0.219,41.83,0.011,0.054,7.255,0.029,35.39,71.5,0.971,0.198,8.12,"Approximate; raw foods reference-style, prepared foods recipe estimate"
352,Sweet Milk Coffee,Mitho Dudh Coffee,मिठो दूध कफी,Sweet Milk Coffee (Mitho Dudh Coffee - मिठो दूध कफी),Beverage,Coffee with milk and sugar,per 100 g edible portion,46.31,1.652,0.974,0.369,0.101,6.681,7.497,1.24,0.096,5.143,20.86,79.58,12.34,0.022,3.066,0.213,0.07,0.101,0.179,0.022,2.066,0.042,0.051,0.201,41.4,0.01,0.05,6.394,0.03,31.25,58.89,1.036,0.196,8.26,"Approximate; raw foods reference-style, prepared foods recipe estimate"
353,Masala Tea,Masala Chiya,मसला चिया,Masala Tea (Masala Chiya - मसला चिया),Beverage,Milk tea with spices,per 100 g edible portion,46.95,1.556,0.895,0.368,0.104,7.698,5.753,1.285,0.104,4.232,29.14,92.92,13.55,0.022,3.25,0.213,0.062,0.094,0.177,0.019,1.796,0.042,0.055,0.194,43.34,0.01,0.046,6.664,0.033,36.23,66.02,1.051,0.209,8.57,"Approximate; raw foods reference-style, prepared foods recipe estimate"
354,Ginger Tea,Aduwa Chiya,अदुवा चिया,Ginger Tea (Aduwa Chiya - अदुवा चिया),Beverage,Tea with ginger,per 100 g edible portion,42.64,1.643,0.832,0.383,0.111,6.38,5.774,1.218,0.106,5.618,28.14,79.87,15.31,0.02,3.335,0.209,0.065,0.1,0.184,0.022,1.765,0.055,0.051,0.224,45.32,0.011,0.045,7.201,0.033,37.7,64.96,0.981,0.217,8.44,"Approximate; raw foods reference-style, prepared foods recipe estimate"
355,Lemon Tea,Kagati Chiya,कागती चिया,Lemon Tea (Kagati Chiya - कागती चिया),Beverage,Tea with lemon,per 100 g edible portion,2,0,0,0,0,0.4,0,0.1,0,0,3,99.5,15.17,0.019,2.549,0.201,0.065,0.091,0.196,0.018,1.989,0.048,0.046,0.173,44.8,0.009,0.045,7.721,0.03,32.06,58.96,1.147,0.214,4.09,"Approximate; raw foods reference-style, prepared foods recipe estimate"
356,Green Tea,Hariyo Chiya,हरियो चिया,Green Tea (Hariyo Chiya - हरियो चिया),Beverage,Unsweetened green tea,per 100 g edible portion,2,0,0,0,0,0.4,0,0.1,0,0,3,99.5,14.34,0.02,2.967,0.227,0.076,0.095,0.191,0.021,1.903,0.042,0.053,0.201,47.23,0.009,0.048,7.218,0.027,32.03,68.58,0.921,0.212,4.27,"Approximate; raw foods reference-style, prepared foods recipe estimate"
357,Honey,Maha,मह,Honey (Maha - मह),Sweet,Pure honey,per 100 g edible portion,304,0,0,0,0,82.4,82.1,0.3,0.2,0,4,17.1,22.26,0.055,8.424,0.125,0.064,0.488,0.214,0.049,0,0.044,0.533,0.971,45.21,0.085,0.751,17.88,0.163,68.94,98.22,2.889,0.531,7.02,"Approximate; raw foods reference-style, prepared foods recipe estimate"
358,Jaggery,Gud,गुड,Jaggery (Gud - गुड),Sweet,Cane jaggery,per 100 g edible portion,383,0.1,0,0,0,98,85,0.4,0,0,30,1.5,16.7,0.055,7.543,0.175,0.07,0.5,0.185,0.053,0,0.053,0.547,0.832,42.59,0.071,0.757,18.12,0.165,81.11,103.9,2.536,0.532,5.1,"Approximate; raw foods reference-style, prepared foods recipe estimate"
359,Rice Pudding with Nuts,Dry Fruit Khir,ड्राइफ्रुट खीर,Rice Pudding with Nuts (Dry Fruit Khir - ड्राइफ्रुट खीर),Sweet,Rice pudding with nuts,per 100 g edible portion,291.1,11.18,3.788,3.083,1.395,60.9,36.59,4.253,0.828,12.02,117.1,22.67,18.0,0.053,7.179,0.128,0.073,0.511,0.199,0.055,0,0.055,0.509,1.092,41.52,0.089,0.731,20.15,0.147,79.44,93.55,3.509,0.505,23.62,"Approximate; raw foods reference-style, prepared foods recipe estimate"
360,Sewai Kheer,Sewai Khir,सेवई खीर,Sewai Kheer (Sewai Khir - सेवई खीर),Sweet,Vermicelli milk pudding,per 100 g edible portion,318.1,11.16,3.941,3.421,1.341,56.2,45.59,3.569,0.816,9.925,87.37,26.24,21.6,0.053,7.367,0.153,0.07,0.452,0.197,0.044,0,0.05,0.464,0.871,44.91,0.088,0.802,16.67,0.144,70.14,110.9,3.013,0.448,21.07,"Approximate; raw foods reference-style, prepared foods recipe estimate"
361,Laddu,Laddu,लड्डु,Laddu (Laddu - लड्डु),Sweet,Traditional sweet ball,per 100 g edible portion,363.7,9.88,3.681,3.351,1.321,61.42,41.93,4.382,0.73,11.6,111.2,25.6,22.5,0.045,7.512,0.155,0.074,0.451,0.202,0.053,0,0.043,0.553,0.973,43.43,0.089,0.76,19.48,0.149,75.91,88.16,2.736,0.521,22.46,"Approximate; raw foods reference-style, prepared foods recipe estimate"
362,Peda,Peda,पेडा,Peda (Peda - पेडा),Sweet,Milk-based sweet,per 100 g edible portion,367.2,9.172,4.387,3.881,1.344,56.05,38.84,3.991,0.796,10.42,99.43,25.99,22.31,0.054,7.594,0.173,0.065,0.46,0.186,0.055,0,0.051,0.535,1.059,47.35,0.082,0.745,19.74,0.167,72.46,91.91,2.989,0.475,21.56,"Approximate; raw foods reference-style, prepared foods recipe estimate"
363,Rasgulla,Rasgulla,रसगुल्ला,Rasgulla (Rasgulla - रसगुल्ला),Sweet,Sugar-syrup cheese sweet,per 100 g edible portion,350.4,9.949,3.942,3.687,1.673,52.62,43.33,3.638,0.766,11.84,92.15,25.68,20.53,0.049,8.817,0.16,0.075,0.514,0.187,0.044,0,0.052,0.528,0.824,43.0,0.08,0.827,19.79,0.132,80.2,106.5,2.921,0.491,20.65,"Approximate; raw foods reference-style, prepared foods recipe estimate"
364,Gulab Jamun,Gulab Jamun,गुलाब जामुन,Gulab Jamun (Gulab Jamun - गुलाब जामुन),Sweet,Fried milk-solid sweet in syrup,per 100 g edible portion,291.5,9.514,4.137,3.115,1.391,53.02,45.82,4.243,0.866,10.41,82.88,27.68,17.18,0.052,6.7,0.175,0.064,0.499,0.192,0.054,0,0.051,0.501,1.15,47.97,0.089,0.839,17.83,0.137,77.11,103.0,3.467,0.475,24.27,"Approximate; raw foods reference-style, prepared foods recipe estimate"
