Unnamed: 0,English Name,Nepali Romanized,Nepali Script,food,Category,Preparation,Basis,Caloric Value,Fat,Saturated Fats,Monounsaturated Fats,Polyunsaturated Fats,Carbohydrates,Sugars,Protein,Dietary Fiber,Cholesterol,Sodium,Water,Vitamin A,Vitamin B1,Vitamin B11,Vitamin B12,Vitamin B2,Vitamin B3,Vitamin B5,Vitamin B6,Vitamin C,Vitamin D,Vitamin E,Vitamin K,Calcium,Copper,Iron,Magnesium,Manganese,Phosphorus,Potassium,Selenium,Zinc,Nutrition Density,Data Quality
0,Rice,Bhat,भात,Rice (Bhat - भात),Staple,"White rice, cooked",per 100 g edible portion,130,0.3,0.08,0.09,0.08,28.2,0.1,2.7,0.4,0,1,68.4,0,0.02,3,0,0.01,0.4,0.4,0.09,0,0,0.04,0,10,0.07,0.2,12,0.47,43,35,7.5,0.5,13.17,"Approximate; raw foods reference-style, prepared foods recipe estimate"
1,Brown Rice,Khairo Bhat,खैरो भात,Brown Rice (Khairo Bhat - खैरो भात),Staple,"Brown rice, cooked",per 100 g edible portion,123,1.0,0.26,0.32,0.31,25.6,0.2,2.7,1.6,0,4,70.3,0,0.1,9,0,0.02,1.6,0.4,0.15,0,0,0.17,0.6,3,0.11,0.6,39,0.97,103,86,5.8,0.7,21.42,"Approximate; raw foods reference-style, prepared foods recipe estimate"
2,Lentil Soup,Dal,दाल,Lentil Soup (Dal - दाल),Pulse,Typical cooked lentil soup,per 100 g edible portion,75,1.8,0.25,0.45,0.7,11.0,1.2,4.5,3.2,0,250,81,8,0.08,75,0,0.03,1.0,0.35,0.12,2,0,0.2,1.5,22,0.18,1.4,28,0.45,75,180,1.5,0.9,38.62,"Approximate; raw foods reference-style, prepared foods recipe estimate"
3,Black Lentil,Kalo Dal,कालो दाल,Black Lentil (Kalo Dal - कालो दाल),Pulse,"Black gram/urad dal, cooked",per 100 g edible portion,116,0.5,0.12,0.11,0.18,20.0,1.0,7.6,6.7,0,5,69.0,0,0.1,105,0,0.06,1.1,0.4,0.14,1.5,0,0.1,2.0,35,0.25,2.1,36,0.49,115,240,2.8,1.2,68.65,"Approximate; raw foods reference-style, prepared foods recipe estimate"
4,Red Lentil,Masuro Dal,मसुरो दाल,Red Lentil (Masuro Dal - मसुरो दाल),Pulse,"Red lentils, cooked",per 100 g edible portion,116,0.4,0.05,0.08,0.11,20.1,1.8,9.0,7.9,0,2,69.6,8,0.17,181,0,0.07,1.1,0.64,0.18,1.5,0,0.11,1.7,19,0.25,3.3,36,0.49,180,369,2.8,1.3,82.51,"Approximate; raw foods reference-style, prepared foods recipe estimate"
5,Pigeon Pea Dal,Rahar Dal,रहर दाल,Pigeon Pea Dal (Rahar Dal - रहर दाल),Pulse,"Pigeon peas, cooked",per 100 g edible portion,121,0.4,0.09,0.08,0.14,23.3,2.4,6.8,6.7,0,5,68.5,3,0.14,111,0,0.06,1.0,0.45,0.05,0,0,0.1,1.6,43,0.25,1.3,45,0.55,119,384,1.5,1.0,66.25,"Approximate; raw foods reference-style, prepared foods recipe estimate"
6,Chickpea Curry,Chana Tarkari,चना तरकारी,Chickpea Curry (Chana Tarkari - चना तरकारी),Pulse,Cooked chickpeas with light gravy,per 100 g edible portion,145,3.4,0.45,1.2,1.2,23.0,3.0,7.0,6.0,0,260,64,18,0.1,140,0,0.05,0.8,0.4,0.15,5,0,0.6,4,40,0.3,2.2,45,0.75,130,260,3.5,1.2,65.38,"Approximate; raw foods reference-style, prepared foods recipe estimate"
7,Kidney Bean Curry,Rajma,राजमा,Kidney Bean Curry (Rajma - राजमा),Pulse,Cooked kidney beans with gravy,per 100 g edible portion,135,2.4,0.35,0.8,0.9,22.0,2.5,7.5,6.5,0,250,66,15,0.12,115,0,0.05,0.8,0.3,0.12,4,0,0.4,3,32,0.24,2.0,42,0.55,120,300,1.7,1.0,68.63,"Approximate; raw foods reference-style, prepared foods recipe estimate"
8,Soybean,Bhatmas,भटमास,Soybean (Bhatmas - भटमास),Pulse,Boiled soybeans,per 100 g edible portion,173,9.0,1.3,2.0,5.1,9.9,3.0,16.6,6.0,0,2,63,1,0.16,54,0,0.29,0.4,0.18,0.23,1.7,0,0.35,19,102,0.41,5.1,86,0.82,245,515,7.3,1.2,100,"Approximate; raw foods reference-style, prepared foods recipe estimate"
9,Flattened Rice,Chiura,चिउरा,Flattened Rice (Chiura - चिउरा),Staple,Dry beaten rice,per 100 g edible portion,353,1.2,0.25,0.35,0.4,76.0,0.5,7.0,2.0,0,5,12,0,0.07,8,0,0.03,1.6,0.3,0.16,0,0,0.2,0,20,0.18,2.0,45,1.1,150,130,10,1.4,41.24,"Approximate; raw foods reference-style, prepared foods recipe estimate"
10,Puffed Rice,Bhuja,भुजा,Puffed Rice (Bhuja - भुजा),Staple,Dry puffed rice,per 100 g edible portion,402,0.8,0.18,0.24,0.26,90.0,0.5,6.3,1.7,0,5,4,0,0.06,7,0,0.02,1.4,0.2,0.12,0,0,0.1,0,6,0.11,4.3,25,0.7,98,113,5,1.0,39.92,"Approximate; raw foods reference-style, prepared foods recipe estimate"
11,Wheat Roti,Gahunko Roti,गहुँको रोटी,Wheat Roti (Gahunko Roti - गहुँको रोटी),Bread,"Whole-wheat flatbread, cooked",per 100 g edible portion,250,4.0,0.65,1.0,1.6,46.0,2.0,9.0,7.0,0,350,33,0,0.24,40,0,0.1,4.0,0.45,0.25,0,0,0.5,2,35,0.3,3.0,82,1.8,240,250,28,2.0,79.35,"Approximate; raw foods reference-style, prepared foods recipe estimate"
12,Buckwheat Roti,Phapar ko Roti,फापरको रोटी,Buckwheat Roti (Phapar ko Roti - फापरको रोटी),Bread,Buckwheat flatbread,per 100 g edible portion,240,3.6,0.7,1.0,1.2,45.0,1.5,8.5,5.5,0,300,36,0,0.1,28,0,0.1,3.5,0.6,0.2,0,0,0.4,5,18,0.45,2.2,130,1.3,250,300,8,2.1,71.44,"Approximate; raw foods reference-style, prepared foods recipe estimate"
13,Dhido,Dhido,ढिँडो,Dhido (Dhido - ढिँडो),Staple,Cooked maize/millet flour porridge,per 100 g edible portion,115,1.0,0.2,0.3,0.4,23.0,0.5,3.0,2.5,0,2,72,0,0.08,15,0,0.04,1.2,0.3,0.15,0,0,0.2,0.8,8,0.12,1.1,42,0.5,90,115,3,0.8,28.49,"Approximate; raw foods reference-style, prepared foods recipe estimate"
14,Millet Dhido,Kodo ko Dhido,कोदोको ढिँडो,Millet Dhido (Kodo ko Dhido - कोदोको ढिँडो),Staple,Finger millet porridge,per 100 g edible portion,120,1.3,0.25,0.35,0.5,23.0,0.6,3.5,3.0,0,3,71,0,0.08,20,0,0.05,1.3,0.35,0.16,0,0,0.2,1.0,50,0.18,2.0,45,0.65,105,150,2.5,0.9,37.09,"Approximate; raw foods reference-style, prepared foods recipe estimate"
15,Corn Meal,Makai ko Pitho,मकैको पिठो,Corn Meal (Makai ko Pitho - मकैको पिठो),Staple,"Cornmeal, cooked porridge",per 100 g edible portion,90,0.8,0.1,0.2,0.4,19.0,0.3,2.0,1.4,0,1,77,5,0.05,10,0,0.03,0.8,0.2,0.09,0,0,0.1,0.3,3,0.05,0.5,20,0.1,60,55,2,0.4,16.41,"Approximate; raw foods reference-style, prepared foods recipe estimate"
16,Dal Bhat,Dal Bhat,दाल भात,Dal Bhat (Dal Bhat - दाल भात),Prepared Meal,"Typical rice + dal, mixed estimate",per 100 g edible portion,155,2.4,0.35,0.65,0.9,28.0,1.0,5.0,2.0,0,180,64,5,0.06,55,0,0.03,0.8,0.3,0.1,1.0,0,0.15,1,18,0.13,1.1,25,0.5,85,145,4,0.8,33.14,"Approximate; raw foods reference-style, prepared foods recipe estimate"
17,Khichdi,Khichadi,खिचडी,Khichdi (Khichadi - खिचडी),Prepared Meal,Rice and lentil porridge,per 100 g edible portion,125,2.2,0.35,0.7,0.8,22.0,0.8,4.5,2.0,0,220,70,15,0.07,55,0,0.03,0.8,0.3,0.1,2,0,0.2,1.5,20,0.13,1.1,27,0.45,90,150,4,0.8,31.91,"Approximate; raw foods reference-style, prepared foods recipe estimate"
18,Vegetable Pulao,Tarkari Pulao,तरकारी पुलाउ,Vegetable Pulao (Tarkari Pulao - तरकारी पुलाउ),Prepared Meal,Rice with mixed vegetables,per 100 g edible portion,160,4.0,0.7,1.5,1.5,28.0,1.8,3.5,2.0,0,250,63,70,0.06,35,0,0.04,1.0,0.3,0.11,8,0,0.5,6,18,0.12,0.8,22,0.35,70,145,3,0.6,28.72,"Approximate; raw foods reference-style, prepared foods recipe estimate"
19,Milk Tea,Dudh Chiya,दूध चिया,Milk Tea (Dudh Chiya - दूध चिया),Beverage,Tea with milk and sugar,per 100 g edible portion,54,1.8,1.1,0.5,0.1,8.0,7.5,1.6,0,6,28,88,22,0.02,2,0.2,0.08,0.1,0.25,0.02,0.3,0.05,0.05,0.2,60,0.01,0.03,6,0.003,45,70,1.2,0.25,9.57,"Approximate; raw foods reference-style, prepared foods recipe estimate"
20,Black Tea,Kalo Chiya,कालो चिया,Black Tea (Kalo Chiya - कालो चिया),Beverage,Unsweetened brewed black tea,per 100 g edible portion,1,0,0,0,0,0.3,0,0,0,0,2,99.7,0,0,0,0,0.01,0,0.01,0,0,0,0,0,0,0,0.02,3,0.22,1,37,0,0.02,0.64,"Approximate; raw foods reference-style, prepared foods recipe estimate"
21,Salt Tea,Nun Chiya,नुन चिया,Salt Tea (Nun Chiya - नुन चिया),Beverage,Light milk/butter salt tea estimate,per 100 g edible portion,35,2.2,1.4,0.6,0.1,2.0,1.5,1.0,0,5,220,94,18,0.01,1,0.1,0.05,0.1,0.2,0.01,0.2,0.05,0.05,0.2,35,0.01,0.02,4,0.003,30,45,0.8,0.2,5.9,"Approximate; raw foods reference-style, prepared foods recipe estimate"
22,Buff Momo,Buff Momo,बफ मोमो,Buff Momo (Buff Momo - बफ मोमो),Prepared Meal,Steamed buffalo dumpling,per 100 g edible portion,190,7.0,2.5,2.5,1.1,23.0,1.5,9.5,1.2,28,420,58,15,0.08,25,0.8,0.11,2.6,0.5,0.18,3,0.2,0.5,3,28,0.15,2.0,25,0.25,125,180,10,2.4,48.38,"Approximate; raw foods reference-style, prepared foods recipe estimate"
23,Chicken Momo,Chicken Momo,चिकेन मोमो,Chicken Momo (Chicken Momo - चिकेन मोमो),Prepared Meal,Steamed chicken dumpling,per 100 g edible portion,180,5.5,1.5,2.0,1.0,23.5,1.4,10.0,1.2,35,400,59,12,0.08,24,0.4,0.1,3.0,0.6,0.22,3,0.1,0.4,3,25,0.12,1.4,23,0.2,135,190,12,1.3,48.59,"Approximate; raw foods reference-style, prepared foods recipe estimate"
24,Vegetable Momo,Veg Momo,भेज मोमो,Vegetable Momo (Veg Momo - भेज मोमो),Prepared Meal,Steamed vegetable dumpling,per 100 g edible portion,155,4.0,0.7,1.4,1.4,26.0,2.5,4.8,2.4,0,370,62,80,0.09,35,0,0.08,2.0,0.4,0.15,8,0,0.6,9,35,0.14,1.2,28,0.35,85,200,3,0.7,37.72,"Approximate; raw foods reference-style, prepared foods recipe estimate"
25,Thukpa,Thukpa,थुक्पा,Thukpa (Thukpa - थुक्पा),Prepared Meal,Noodle soup with vegetables,per 100 g edible portion,85,2.2,0.4,0.7,0.8,13.0,1.5,3.5,1.5,12,380,80,75,0.04,18,0.2,0.05,1.1,0.25,0.09,6,0.1,0.3,4,20,0.08,0.8,18,0.2,70,160,4,0.7,25.99,"Approximate; raw foods reference-style, prepared foods recipe estimate"
26,Chow Mein,Chowmein,चाउमिन,Chow Mein (Chowmein - चाउमिन),Prepared Meal,Stir-fried noodles with vegetables,per 100 g edible portion,180,6.0,1.0,2.0,2.3,27.0,3.0,5.0,2.0,8,500,59,90,0.08,30,0.15,0.08,2.0,0.4,0.15,7,0,0.7,7,25,0.12,1.2,30,0.3,90,180,5,0.8,35.76,"Approximate; raw foods reference-style, prepared foods recipe estimate"
27,Sel Roti,Sel Roti,सेल रोटी,Sel Roti (Sel Roti - सेल रोटी),Snack,Traditional fried rice ring bread,per 100 g edible portion,360,12.0,2.5,5.0,3.5,58.0,14.0,5.0,1.0,15,180,22,10,0.05,10,0.2,0.06,1.0,0.25,0.08,1,0.1,1.0,1,25,0.08,1.0,18,0.35,75,95,5,0.6,25.82,"Approximate; raw foods reference-style, prepared foods recipe estimate"
28,Puri,Puri,पुरी,Puri (Puri - पुरी),Bread,Deep-fried wheat bread,per 100 g edible portion,300,12.0,2.0,4.0,4.5,42.0,1.0,7.0,3.0,0,400,35,0,0.15,20,0,0.07,2.8,0.35,0.16,0,0,1.2,3,24,0.18,2.0,55,1.0,180,180,20,1.4,48.05,"Approximate; raw foods reference-style, prepared foods recipe estimate"
29,Aloo Paratha,Aloo Paratha,आलु पराठा,Aloo Paratha (Aloo Paratha - आलु पराठा),Bread,Wheat flatbread stuffed with potato,per 100 g edible portion,230,7.0,1.3,2.2,2.5,36.0,1.5,6.0,4.0,2,420,48,5,0.13,25,0.05,0.08,2.4,0.35,0.25,5,0,0.7,4,30,0.17,1.8,50,0.75,145,280,15,1.2,51.86,"Approximate; raw foods reference-style, prepared foods recipe estimate"
30,Potato Curry,Aalu Tarkari,आलु तरकारी,Potato Curry (Aalu Tarkari - आलु तरकारी),Vegetable,Potato curry with light oil,per 100 g edible portion,110,4.0,0.7,1.4,1.5,17.0,1.8,2.0,2.0,0,300,74,5,0.08,18,0,0.04,1.1,0.3,0.25,10,0,0.5,3,18,0.12,0.8,25,0.25,55,300,0.5,0.4,25.96,"Approximate; raw foods reference-style, prepared foods recipe estimate"
31,Bottle Gourd,Lauka,लौका,Bottle Gourd (Lauka - लौका),Vegetable,Cooked bottle gourd,per 100 g edible portion,20,0.2,0.03,0.04,0.08,4.3,2.2,0.7,1.2,0,5,94,16,0.03,6,0,0.02,0.3,0.15,0.04,7,0,0.1,4,25,0.05,0.4,11,0.09,13,150,0.2,0.7,13.97,"Approximate; raw foods reference-style, prepared foods recipe estimate"
32,Pumpkin,Farsi,फर्सी,Pumpkin (Farsi - फर्सी),Vegetable,Cooked pumpkin,per 100 g edible portion,26,0.1,0.05,0.01,0.01,6.5,2.8,1.0,0.5,0,1,91.6,426,0.05,16,0,0.11,0.6,0.3,0.06,9,0,1.1,1.1,21,0.13,0.8,12,0.13,44,340,0.3,0.3,15.23,"Approximate; raw foods reference-style, prepared foods recipe estimate"
33,Bitter Gourd,Tite Karela,तिते करेला,Bitter Gourd (Tite Karela - तिते करेला),Vegetable,Cooked bitter gourd,per 100 g edible portion,19,0.2,0.03,0.04,0.08,4.3,1.9,0.8,2.0,0,5,93.9,24,0.04,72,0,0.04,0.4,0.2,0.04,33,0,0.14,4.8,19,0.03,0.4,17,0.09,31,296,0.2,0.8,25.73,"Approximate; raw foods reference-style, prepared foods recipe estimate"
34,Ridge Gourd,Ghiraula,घिरौंला,Ridge Gourd (Ghiraula - घिरौंला),Vegetable,Cooked ridge gourd,per 100 g edible portion,20,0.2,0.03,0.04,0.08,4.4,2.0,0.7,1.1,0,4,94,10,0.03,8,0,0.02,0.4,0.15,0.04,8,0,0.1,3,18,0.05,0.4,14,0.08,22,139,0.2,0.3,13.47,"Approximate; raw foods reference-style, prepared foods recipe estimate"
35,Sponge Gourd,Chichindo,चिचिन्डो,Sponge Gourd (Chichindo - चिचिन्डो),Vegetable,Cooked sponge/snake gourd,per 100 g edible portion,21,0.2,0.03,0.04,0.08,4.5,2.0,0.8,1.3,0,4,93.7,20,0.04,12,0,0.03,0.5,0.17,0.05,12,0,0.1,3,22,0.05,0.5,15,0.1,24,180,0.3,0.4,16.59,"Approximate; raw foods reference-style, prepared foods recipe estimate"
36,Eggplant,Bhanta,भन्टा,Eggplant (Bhanta - भन्टा),Vegetable,Cooked eggplant,per 100 g edible portion,35,0.2,0.03,0.04,0.08,8.7,3.2,0.8,2.5,0,1,89.7,23,0.04,14,0,0.03,0.6,0.28,0.08,1.3,0,0.3,3.5,6,0.08,0.25,11,0.13,15,123,0.1,0.12,17.46,"Approximate; raw foods reference-style, prepared foods recipe estimate"
37,Okra,Bhindi,भिण्डी,Okra (Bhindi - भिण्डी),Vegetable,Cooked okra,per 100 g edible portion,33,0.2,0.04,0.03,0.08,7.5,1.5,1.9,3.2,0,7,89.6,36,0.2,60,0,0.06,1.0,0.25,0.22,16,0,0.27,31,82,0.11,0.62,57,0.79,61,299,0.7,0.58,36.87,"Approximate; raw foods reference-style, prepared foods recipe estimate"
38,Cauliflower,Kauli,काउली,Cauliflower (Kauli - काउली),Vegetable,Cooked cauliflower,per 100 g edible portion,23,0.5,0.08,0.04,0.22,4.1,2.0,1.8,2.3,0,15,92,1,0.04,44,0,0.06,0.5,0.66,0.17,46,0,0.08,16,16,0.04,0.32,9,0.16,32,142,0.6,0.17,30.99,"Approximate; raw foods reference-style, prepared foods recipe estimate"
39,Cabbage,Banda,बन्दा,Cabbage (Banda - बन्दा),Vegetable,Cooked cabbage,per 100 g edible portion,23,0.1,0.03,0.02,0.05,5.5,2.8,1.3,1.9,0,8,92,5,0.06,38,0,0.04,0.4,0.2,0.12,37,0,0.15,76,48,0.02,0.17,15,0.16,33,196,0.3,0.2,27.45,"Approximate; raw foods reference-style, prepared foods recipe estimate"
40,Spinach,Palungo,पालुङ्गो,Spinach (Palungo - पालुङ्गो),Leafy Vegetable,Cooked spinach,per 100 g edible portion,23,0.3,0.06,0.02,0.12,3.8,0.4,3.0,2.4,0,70,91,524,0.08,146,0,0.19,0.72,0.06,0.24,10,0,2.0,493,99,0.13,3.6,79,0.9,49,558,1.0,0.53,47.48,"Approximate; raw foods reference-style, prepared foods recipe estimate"
41,Mustard Greens,Rayo ko Saag,रायोको साग,Mustard Greens (Rayo ko Saag - रायोको साग),Leafy Vegetable,Cooked mustard greens,per 100 g edible portion,27,0.4,0.05,0.02,0.15,4.7,1.3,2.9,3.2,0,24,90,151,0.08,12,0,0.11,0.65,0.22,0.11,26,0,2.0,258,118,0.16,1.6,32,0.48,42,384,0.9,0.4,46.07,"Approximate; raw foods reference-style, prepared foods recipe estimate"
42,Fenugreek Greens,Methi ko Saag,मेथीको साग,Fenugreek Greens (Methi ko Saag - मेथीको साग),Leafy Vegetable,Cooked fenugreek leaves,per 100 g edible portion,49,0.9,0.2,0.1,0.4,6.0,1.5,4.4,4.0,0,67,86,210,0.08,40,0,0.31,1.6,0.9,0.6,36,0,0.6,45,395,0.26,2.0,51,1.2,51,440,0.9,1.1,65.95,"Approximate; raw foods reference-style, prepared foods recipe estimate"
43,Radish,Mula,मूला,Radish (Mula - मूला),Vegetable,Raw radish,per 100 g edible portion,16,0.1,0.03,0.02,0.05,3.4,1.9,0.7,1.6,0,39,95,7,0.01,25,0,0.04,0.25,0.17,0.07,15,0,0,1.3,25,0.05,0.34,10,0.07,20,233,0.6,0.28,18.41,"Approximate; raw foods reference-style, prepared foods recipe estimate"
44,Carrot,Gajar,गाजर,Carrot (Gajar - गाजर),Vegetable,Raw carrot,per 100 g edible portion,41,0.2,0.04,0.01,0.12,9.6,4.7,0.9,2.8,0,69,88,835,0.07,19,0,0.06,0.98,0.27,0.14,5.9,0,0.66,13.2,33,0.05,0.3,12,0.14,35,320,0.1,0.24,23.92,"Approximate; raw foods reference-style, prepared foods recipe estimate"
45,Tomato,Golbheda,गोलभेँडा,Tomato (Golbheda - गोलभेँडा),Vegetable,Raw tomato,per 100 g edible portion,18,0.2,0.03,0.03,0.08,3.9,2.6,0.9,1.2,0,5,95,42,0.04,15,0,0.02,0.59,0.09,0.08,13.7,0,0.54,7.9,10,0.06,0.27,11,0.11,24,237,0,0.17,16.21,"Approximate; raw foods reference-style, prepared foods recipe estimate"
46,Cucumber,Kakro,काँक्रो,Cucumber (Kakro - काँक्रो),Vegetable,Raw cucumber with peel,per 100 g edible portion,15,0.1,0.04,0.01,0.03,3.6,1.7,0.7,0.5,0,2,95.2,5,0.03,7,0,0.03,0.1,0.26,0.04,2.8,0,0.03,16.4,16,0.04,0.28,13,0.08,24,147,0.3,0.2,9.18,"Approximate; raw foods reference-style, prepared foods recipe estimate"
47,Green Peas,Kerau,केराउ,Green Peas (Kerau - केराउ),Vegetable,Boiled green peas,per 100 g edible portion,84,0.2,0.04,0.02,0.08,15.6,5.9,5.4,5.5,0,3,77.9,40,0.26,63,0,0.15,2.0,0.1,0.22,14,0,0.14,25,27,0.17,1.5,39,0.53,117,271,1.9,1.2,57.2,"Approximate; raw foods reference-style, prepared foods recipe estimate"
48,Green Beans,Simi,सिमी,Green Beans (Simi - सिमी),Vegetable,Cooked green beans,per 100 g edible portion,35,0.3,0.07,0.01,0.16,7.9,3.3,1.9,3.2,0,6,90,35,0.08,33,0,0.1,0.6,0.23,0.14,12,0,0.4,43,44,0.07,0.65,18,0.29,29,146,0.6,0.25,30.27,"Approximate; raw foods reference-style, prepared foods recipe estimate"
49,Yardlong Beans,Bodi,बोडी,Yardlong Beans (Bodi - बोडी),Vegetable,Cooked long beans,per 100 g edible portion,47,0.4,0.1,0.05,0.15,8.4,2.2,2.8,3.0,0,5,87,43,0.08,62,0,0.11,0.7,0.2,0.11,18,0,0.5,43,50,0.12,1.0,44,0.4,59,240,0.7,0.6,37.49,"Approximate; raw foods reference-style, prepared foods recipe estimate"
50,Taro,Pindalu,पिँडालु,Taro (Pindalu - पिँडालु),Root Vegetable,Boiled taro,per 100 g edible portion,142,0.1,0.03,0.01,0.05,34.6,0.5,0.5,5.1,0,1,63,4,0.1,22,0,0.03,0.6,0.3,0.3,5,0,2.4,1,18,0.17,0.7,30,0.38,76,484,0.7,0.3,36.06,"Approximate; raw foods reference-style, prepared foods recipe estimate"
51,Sweet Potato,Sakhar Khanda,सखरखण्ड,Sweet Potato (Sakhar Khanda - सखरखण्ड),Root Vegetable,Boiled sweet potato,per 100 g edible portion,76,0.1,0.03,0.01,0.04,17.7,5.7,1.4,2.5,0,27,80,709,0.08,6,0,0.06,0.54,0.8,0.21,12.8,0,0.94,2.1,27,0.16,0.72,18,0.27,32,230,0.2,0.2,25.85,"Approximate; raw foods reference-style, prepared foods recipe estimate"
52,Mushroom,Chyau,च्याउ,Mushroom (Chyau - च्याउ),Vegetable,Cooked button mushroom,per 100 g edible portion,28,0.5,0.07,0.02,0.16,5.3,2.2,3.6,2.2,0,2,91,0,0.1,18,0.05,0.4,3.6,1.5,0.1,0,0.2,0.02,0,4,0.5,0.3,10,0.06,104,356,18.7,0.5,28.08,"Approximate; raw foods reference-style, prepared foods recipe estimate"
53,Onion,Pyaj,प्याज,Onion (Pyaj - प्याज),Vegetable,Raw onion,per 100 g edible portion,40,0.1,0.04,0.01,0.02,9.3,4.2,1.1,1.7,0,4,89,0,0.05,19,0,0.03,0.12,0.12,0.12,7.4,0,0.02,0.4,23,0.04,0.21,10,0.13,29,146,0.5,0.17,17.11,"Approximate; raw foods reference-style, prepared foods recipe estimate"
54,Garlic,Lasun,लसुन,Garlic (Lasun - लसुन),Spice,Raw garlic,per 100 g edible portion,149,0.5,0.09,0.01,0.25,33.1,1.0,6.4,2.1,0,17,59,0,0.2,3,0,0.11,0.7,0.6,1.24,31,0,0.08,1.7,181,0.3,1.7,25,1.67,153,401,14.2,1.16,57.16,"Approximate; raw foods reference-style, prepared foods recipe estimate"
55,Ginger,Aduwa,अदुवा,Ginger (Aduwa - अदुवा),Spice,Raw ginger,per 100 g edible portion,80,0.8,0.2,0.15,0.15,17.8,1.7,1.8,2.0,0,13,79,0,0.03,11,0,0.03,0.75,0.2,0.16,5,0,0.26,0.1,16,0.23,0.6,43,0.23,34,415,0.7,0.34,25.92,"Approximate; raw foods reference-style, prepared foods recipe estimate"
56,Coriander Leaves,Dhaniya,धनियाँ,Coriander Leaves (Dhaniya - धनियाँ),Herb,Fresh coriander leaves,per 100 g edible portion,23,0.5,0.01,0.28,0.04,3.7,0.9,2.1,2.8,0,46,92,337,0.07,62,0,0.16,1.1,0.57,0.15,27,0,2.5,310,67,0.23,1.77,26,0.43,48,521,0.9,0.5,40.97,"Approximate; raw foods reference-style, prepared foods recipe estimate"
57,Green Chili,Hariyo Khursani,हरियो खुर्सानी,Green Chili (Hariyo Khursani - हरियो खुर्सानी),Spice,Raw green chili,per 100 g edible portion,40,0.2,0.02,0.01,0.11,9.5,5.1,2.0,1.5,0,7,88,59,0.09,23,0,0.09,0.95,0.06,0.28,143,0,0.7,14,18,0.17,1.2,25,0.2,46,340,0.5,0.3,34.24,"Approximate; raw foods reference-style, prepared foods recipe estimate"
58,Cow Milk,Gai ko Dudh,गाईको दूध,Cow Milk (Gai ko Dudh - गाईको दूध),Dairy,Whole cow milk,per 100 g edible portion,61,3.3,1.9,0.8,0.2,4.8,5.1,3.2,0,10,43,88,46,0.05,5,0.45,0.18,0.1,0.35,0.04,0,0.1,0.07,0.3,113,0.01,0.03,10,0.004,84,132,3.7,0.37,18.4,"Approximate; raw foods reference-style, prepared foods recipe estimate"
59,Buffalo Milk,Bhainsi ko Dudh,भैंसीको दूध,Buffalo Milk (Bhainsi ko Dudh - भैंसीको दूध),Dairy,Whole buffalo milk,per 100 g edible portion,97,6.9,4.6,1.8,0.2,5.2,5.2,3.8,0,19,52,82,53,0.05,6,0.36,0.14,0.1,0.4,0.04,0,0.1,0.08,0.4,169,0.02,0.12,31,0.02,117,178,2.3,0.45,24.99,"Approximate; raw foods reference-style, prepared foods recipe estimate"
60,Yogurt,Dahi,दही,Yogurt (Dahi - दही),Dairy,Plain whole-milk yogurt,per 100 g edible portion,61,3.3,2.1,0.9,0.1,4.7,4.7,3.5,0,13,46,88,27,0.03,7,0.37,0.14,0.08,0.39,0.03,0.5,0.1,0.06,0.2,121,0.01,0.05,12,0.004,95,155,2.2,0.59,20.34,"Approximate; raw foods reference-style, prepared foods recipe estimate"
61,Buttermilk,Moh i,मोही,Buttermilk (Moh i - मोही),Dairy,Diluted churned yogurt drink,per 100 g edible portion,40,1.5,0.9,0.4,0.1,4.8,4.7,2.8,0,6,60,90,18,0.03,5,0.25,0.12,0.08,0.28,0.03,0.5,0.05,0.04,0.2,95,0.01,0.03,10,0.003,70,130,1.5,0.4,16.28,"Approximate; raw foods reference-style, prepared foods recipe estimate"
62,Paneer,Paneer,पनीर,Paneer (Paneer - पनीर),Dairy,Fresh whole-milk cheese,per 100 g edible portion,265,20.8,13.2,5.6,0.7,3.0,2.0,18.3,0,56,22,54,210,0.03,17,1.0,0.25,0.1,0.5,0.06,0,0.6,0.3,2,208,0.03,0.2,18,0.01,138,104,9,2.0,75.14,"Approximate; raw foods reference-style, prepared foods recipe estimate"
63,Ghee,Ghyu,घिउ,Ghee (Ghyu - घिउ),Fat,Clarified butter,per 100 g edible portion,900,100,62,29,4,0,0,0,0,256,2,0.2,840,0,0,0.3,0.01,0,0,0,0,0.6,2.8,8.6,4,0.01,0,0,0,3,5,0,0.1,0,"Approximate; raw foods reference-style, prepared foods recipe estimate"
64,Chicken Curry,Kukhura ko Masu,कुखुराको मासु,Chicken Curry (Kukhura ko Masu - कुखुराको मासु),Meat,"Chicken curry, typical home recipe",per 100 g edible portion,165,8.0,2.2,3.1,1.8,3.5,1.0,20.0,0.5,70,380,67,40,0.06,8,0.3,0.12,6.0,1.2,0.4,4,0.2,0.4,4,22,0.08,1.3,25,0.04,180,260,16,1.8,80.65,"Approximate; raw foods reference-style, prepared foods recipe estimate"
65,Buffalo Curry,Buff ko Masu,बफको मासु,Buffalo Curry (Buff ko Masu - बफको मासु),Meat,Buffalo meat curry,per 100 g edible portion,185,9.0,3.2,3.5,1.3,3.0,1.0,22.0,0.4,72,400,64,15,0.08,9,2.3,0.15,5.5,0.7,0.35,3,0.1,0.4,3,18,0.12,2.8,22,0.03,190,300,19,4.5,90.41,"Approximate; raw foods reference-style, prepared foods recipe estimate"
66,Goat Curry,Khasi ko Masu,खसीको मासु,Goat Curry (Khasi ko Masu - खसीको मासु),Meat,Goat curry,per 100 g edible portion,190,10.0,3.5,4.0,1.0,3.0,1.0,21.0,0.4,75,410,63,10,0.08,8,1.5,0.15,5.0,0.8,0.3,2,0.1,0.3,3,17,0.1,2.5,20,0.03,180,280,18,4.0,85.65,"Approximate; raw foods reference-style, prepared foods recipe estimate"
67,Pork Curry,Bangur ko Masu,बंगुरको मासु,Pork Curry (Bangur ko Masu - बंगुरको मासु),Meat,Pork curry,per 100 g edible portion,220,15.0,5.2,6.2,1.8,3.0,1.0,18.0,0.4,65,420,59,8,0.35,6,0.7,0.18,4.5,0.7,0.35,2,0.2,0.5,3,20,0.09,1.3,21,0.02,175,270,25,2.5,72.62,"Approximate; raw foods reference-style, prepared foods recipe estimate"
68,Fish Curry,Machha ko Jhol,माछाको झोल,Fish Curry (Machha ko Jhol - माछाको झोल),Fish,Freshwater fish curry,per 100 g edible portion,140,7.0,1.5,2.5,2.0,3.0,1.0,17.0,0.4,55,350,72,25,0.06,8,2.5,0.1,3.0,0.6,0.25,3,3.0,1.0,2,30,0.07,1.0,24,0.03,180,300,25,0.9,69.69,"Approximate; raw foods reference-style, prepared foods recipe estimate"
69,Boiled Egg,Usineko Anda,उसिनेको अण्डा,Boiled Egg (Usineko Anda - उसिनेको अण्डा),Egg,"Whole chicken egg, boiled",per 100 g edible portion,155,10.6,3.3,4.1,1.4,1.1,1.1,12.6,0,373,124,75,149,0.07,44,1.1,0.51,0.08,1.4,0.12,0,2.2,1.1,0.3,87,0.01,1.2,10,0.03,172,126,30.7,1.0,52.26,"Approximate; raw foods reference-style, prepared foods recipe estimate"
70,Egg Curry,Anda Tarkari,अण्डा तरकारी,Egg Curry (Anda Tarkari - अण्डा तरकारी),Egg,Boiled egg in tomato-onion gravy,per 100 g edible portion,145,9.0,2.6,3.5,1.4,5.0,2.0,9.5,1.0,280,360,72,130,0.06,35,0.8,0.4,1.2,0.9,0.11,5,1.5,0.9,3,70,0.05,1.2,14,0.08,135,190,23,0.9,47.49,"Approximate; raw foods reference-style, prepared foods recipe estimate"
71,Apple,Syau,स्याउ,Apple (Syau - स्याउ),Fruit,Raw with skin,per 100 g edible portion,52,0.2,0.03,0.01,0.05,13.8,10.4,0.3,2.4,0,1,85.6,3,0.02,3,0,0.03,0.09,0.06,0.04,4.6,0,0.18,2.2,6,0.03,0.12,5,0.04,11,107,0,0.04,15.2,"Approximate; raw foods reference-style, prepared foods recipe estimate"
72,Banana,Kera,केरा,Banana (Kera - केरा),Fruit,Raw,per 100 g edible portion,89,0.3,0.11,0.03,0.07,22.8,12.2,1.1,2.6,0,1,74.9,3,0.03,20,0,0.07,0.67,0.33,0.37,8.7,0,0.1,0.5,5,0.08,0.26,27,0.27,22,358,1,0.15,24.25,"Approximate; raw foods reference-style, prepared foods recipe estimate"
73,Orange,Suntala,सुन्तला,Orange (Suntala - सुन्तला),Fruit,Raw,per 100 g edible portion,47,0.1,0.02,0.02,0.03,11.8,9.4,0.9,2.4,0,0,86.8,11,0.09,30,0,0.04,0.28,0.25,0.06,53,0,0.18,0,40,0.04,0.1,10,0.03,14,181,0.5,0.07,30.37,"Approximate; raw foods reference-style, prepared foods recipe estimate"
74,Mandarin,Junaar,जुनार,Mandarin (Junaar - जुनार),Fruit,Raw mandarin/citrus,per 100 g edible portion,53,0.3,0.04,0.06,0.07,13.3,10.6,0.8,1.8,0,2,85.2,34,0.06,16,0,0.04,0.38,0.22,0.08,27,0,0.2,0,37,0.04,0.15,12,0.04,20,166,0.1,0.07,21.9,"Approximate; raw foods reference-style, prepared foods recipe estimate"
75,Guava,Amba,अम्बा,Guava (Amba - अम्बा),Fruit,Raw,per 100 g edible portion,68,1.0,0.27,0.09,0.4,14.3,8.9,2.6,5.4,0,2,80.8,31,0.07,49,0,0.04,1.08,0.45,0.11,228,0,0.73,2.6,18,0.23,0.26,22,0.15,40,417,0.6,0.23,52.8,"Approximate; raw foods reference-style, prepared foods recipe estimate"
76,Papaya,Mewa,मेवा,Papaya (Mewa - मेवा),Fruit,Raw,per 100 g edible portion,43,0.3,0.08,0.07,0.06,10.8,7.8,0.5,1.7,0,8,88,47,0.02,37,0,0.03,0.36,0.19,0.04,61,0,0.3,2.6,20,0.05,0.25,21,0.04,10,182,0.6,0.08,25.84,"Approximate; raw foods reference-style, prepared foods recipe estimate"
77,Mango,Aap,आँप,Mango (Aap - आँप),Fruit,Raw,per 100 g edible portion,60,0.4,0.09,0.14,0.07,15.0,13.7,0.8,1.6,0,1,83.5,54,0.03,43,0,0.04,0.67,0.2,0.12,36,0,0.9,4.2,11,0.11,0.16,10,0.06,14,168,0.6,0.09,21.78,"Approximate; raw foods reference-style, prepared foods recipe estimate"
78,Pomegranate,Anar,अनार,Pomegranate (Anar - अनार),Fruit,Raw arils,per 100 g edible portion,83,1.2,0.12,0.09,0.08,18.7,13.7,1.7,4.0,0,3,77.9,0,0.07,38,0,0.05,0.29,0.38,0.08,10,0,0.6,16.4,10,0.16,0.3,12,0.12,36,236,0.5,0.35,31.12,"Approximate; raw foods reference-style, prepared foods recipe estimate"
79,Watermelon,Kharbuja,खरबुजा,Watermelon (Kharbuja - खरबुजा),Fruit,Raw,per 100 g edible portion,30,0.2,0.02,0.04,0.05,7.6,6.2,0.6,0.4,0,1,91.5,28,0.03,3,0,0.02,0.18,0.22,0.05,8.1,0,0.05,0.1,7,0.04,0.24,10,0.04,11,112,0.4,0.1,8.51,"Approximate; raw foods reference-style, prepared foods recipe estimate"
80,Pear,Naspati,नासपाती,Pear (Naspati - नासपाती),Fruit,Raw,per 100 g edible portion,57,0.1,0.02,0.03,0.05,15.2,9.8,0.4,3.1,0,1,84,1,0.01,7,0,0.03,0.16,0.05,0.03,4.3,0,0.12,4.4,9,0.08,0.18,7,0.05,12,116,0.1,0.1,19.19,"Approximate; raw foods reference-style, prepared foods recipe estimate"
81,Grapes,Angur,अंगुर,Grapes (Angur - अंगुर),Fruit,Raw,per 100 g edible portion,69,0.2,0.05,0.01,0.05,18.1,15.5,0.7,0.9,0,2,80.5,3,0.07,2,0,0.07,0.19,0.05,0.09,3.2,0,0.19,14.6,10,0.13,0.36,7,0.07,20,191,0.1,0.07,11.18,"Approximate; raw foods reference-style, prepared foods recipe estimate"
82,Litchi,Lichi,लिची,Litchi (Lichi - लिची),Fruit,Raw,per 100 g edible portion,66,0.4,0.1,0.12,0.13,16.5,15.2,0.8,1.3,0,1,81.8,0,0.01,14,0,0.07,0.6,0.13,0.1,72,0,0.07,0.4,5,0.15,0.31,10,0.06,31,171,0.6,0.07,23.72,"Approximate; raw foods reference-style, prepared foods recipe estimate"
83,Jackfruit,Rukh Katahar,रुख कटहर,Jackfruit (Rukh Katahar - रुख कटहर),Fruit,Raw ripe jackfruit,per 100 g edible portion,95,0.6,0.2,0.16,0.1,23.2,19.1,1.7,1.5,0,2,73.5,5,0.11,24,0,0.06,0.92,0.24,0.33,13.7,0,0.34,0,24,0.08,0.23,29,0.04,21,448,0.6,0.13,24.37,"Approximate; raw foods reference-style, prepared foods recipe estimate"
84,Peanut,Badam,बदाम,Peanut (Badam - बदाम),Nut/Seed,"Dry roasted peanut, unsalted",per 100 g edible portion,585,49.7,6.9,24.4,15.6,21.5,4.2,23.7,8.0,0,6,1.6,0,0.15,97,0,0.1,13.5,1.4,0.46,0,0,4.9,0,54,0.67,2.3,176,1.6,358,658,7.5,3.3,100,"Approximate; raw foods reference-style, prepared foods recipe estimate"
85,Sesame Seed,Til,तिल,Sesame Seed (Til - तिल),Nut/Seed,Whole sesame seed,per 100 g edible portion,573,49.7,7.0,18.8,21.8,23.5,0.3,17.7,11.8,0,11,4.7,0,0.79,97,0,0.25,4.5,0.05,0.79,0,0,0.25,0,975,4.1,14.6,351,2.46,629,468,34.4,7.8,100,"Approximate; raw foods reference-style, prepared foods recipe estimate"
86,Walnut,Okhar,ओखर,Walnut (Okhar - ओखर),Nut/Seed,Raw walnut,per 100 g edible portion,654,65.2,6.1,8.9,47.2,13.7,2.6,15.2,6.7,0,2,4.1,1,0.34,98,0,0.15,1.13,0.57,0.54,1.3,0,0.7,2.7,98,1.59,2.9,158,3.4,346,441,4.9,3.1,100,"Approximate; raw foods reference-style, prepared foods recipe estimate"
87,Roasted Soybean,Bhatmas Sadheko,भटमास साँधेको,Roasted Soybean (Bhatmas Sadheko - भटमास साँधेको),Snack,Roasted/seasoned soybean estimate,per 100 g edible portion,360,18.0,2.7,4.5,10.0,28.0,5.0,32.0,12.0,0,350,6,2,0.28,120,0,0.45,1.2,0.4,0.4,4,0,0.7,35,180,0.8,8.0,165,2.0,500,1000,17,4.0,100,"Approximate; raw foods reference-style, prepared foods recipe estimate"
88,Aloo Achar,Aalu ko Achar,आलुको अचार,Aloo Achar (Aalu ko Achar - आलुको अचार),Pickle/Side,Potato-sesame pickle,per 100 g edible portion,150,8.0,1.1,3.0,3.2,18.0,1.5,3.0,2.5,0,500,67,20,0.09,30,0,0.06,1.2,0.3,0.25,9,0,1.0,7,50,0.35,1.5,45,0.65,95,320,2,1.0,35.94,"Approximate; raw foods reference-style, prepared foods recipe estimate"
89,Tomato Achar,Golbheda ko Achar,गोलभेँडाको अचार,Tomato Achar (Golbheda ko Achar - गोलभेँडाको अचार),Pickle/Side,Tomato-sesame/chili pickle,per 100 g edible portion,95,5.0,0.7,1.8,2.0,9.0,4.0,2.5,2.5,0,650,79,80,0.07,25,0,0.06,1.4,0.35,0.17,18,0,0.9,12,55,0.3,1.4,40,0.5,80,280,1.8,0.9,35.53,"Approximate; raw foods reference-style, prepared foods recipe estimate"
90,Radish Pickle,Mula ko Achar,मूलाको अचार,Radish Pickle (Mula ko Achar - मूलाको अचार),Pickle/Side,Fermented/spiced radish pickle,per 100 g edible portion,45,2.0,0.3,0.7,0.8,6.0,2.0,1.2,2.0,0,900,88,10,0.03,25,0,0.04,0.5,0.2,0.08,12,0,0.4,5,35,0.08,0.6,15,0.12,30,220,0.4,0.4,22.48,"Approximate; raw foods reference-style, prepared foods recipe estimate"
91,Gundruk,Gundruk,गुन्द्रुक,Gundruk (Gundruk - गुन्द्रुक),Fermented Food,"Fermented leafy greens, cooked",per 100 g edible portion,35,0.5,0.1,0.1,0.2,6.0,1.0,3.0,4.0,0,350,86,250,0.08,45,0,0.12,1.0,0.4,0.2,20,0,0.8,180,120,0.25,2.5,45,0.8,65,380,1,0.8,51.58,"Approximate; raw foods reference-style, prepared foods recipe estimate"
92,Gundruk Soup,Gundruk ko Jhol,गुन्द्रुकको झोल,Gundruk Soup (Gundruk ko Jhol - गुन्द्रुकको झोल),Prepared Meal,Fermented leafy-green soup,per 100 g edible portion,30,0.8,0.12,0.2,0.3,4.5,1.2,1.5,1.8,0,400,91,120,0.04,20,0,0.06,0.5,0.2,0.1,10,0,0.4,80,55,0.12,1.1,22,0.35,35,180,0.5,0.4,24.15,"Approximate; raw foods reference-style, prepared foods recipe estimate"
93,Sinki,Sinki,सिन्की,Sinki (Sinki - सिन्की),Fermented Food,"Fermented radish taproot, cooked",per 100 g edible portion,28,0.3,0.05,0.07,0.1,5.0,1.5,1.3,2.3,0,380,90,12,0.03,20,0,0.04,0.45,0.2,0.08,11,0,0.3,6,45,0.08,0.7,18,0.2,32,230,0.4,0.4,24.95,"Approximate; raw foods reference-style, prepared foods recipe estimate"
94,Kwati,Kwati,क्वाँटी,Kwati (Kwati - क्वाँटी),Prepared Meal,Mixed sprouted bean soup,per 100 g edible portion,110,2.0,0.3,0.5,0.8,17.0,2.0,7.0,5.0,0,300,73,30,0.11,85,0,0.07,1.2,0.4,0.18,5,0,0.4,5,45,0.3,2.2,50,0.7,140,320,3,1.2,61.98,"Approximate; raw foods reference-style, prepared foods recipe estimate"
95,Chatamari,Chatamari,चटामरी,Chatamari (Chatamari - चटामरी),Prepared Meal,"Rice-flour Newari crepe, plain/egg-meat average",per 100 g edible portion,210,7.0,2.0,2.5,1.5,29.0,1.5,8.0,1.0,55,420,52,50,0.08,28,0.8,0.16,2.2,0.5,0.15,2,0.5,0.5,4,35,0.1,1.5,23,0.25,120,180,9,1.2,41.11,"Approximate; raw foods reference-style, prepared foods recipe estimate"
96,Bara,Bara,बारा,Bara (Bara - बारा),Prepared Meal,Black-lentil Newari pancake,per 100 g edible portion,190,7.0,1.0,2.2,3.0,22.0,1.5,9.0,5.0,0,350,58,10,0.13,90,0,0.07,1.5,0.4,0.18,2,0,0.5,4,45,0.25,2.3,45,0.65,130,260,3,1.3,67.45,"Approximate; raw foods reference-style, prepared foods recipe estimate"
97,Yomari,Yomari,योमरी,Yomari (Yomari - योमरी),Sweet,Rice-flour dumpling with chaku/sesame filling,per 100 g edible portion,260,5.0,1.0,1.6,2.0,50.0,22.0,4.0,2.0,0,90,39,8,0.06,15,0,0.05,0.8,0.25,0.1,1,0,0.5,1,55,0.25,1.6,35,0.5,95,150,3,0.8,33.01,"Approximate; raw foods reference-style, prepared foods recipe estimate"
98,Kheer,Khir,खीर,Kheer (Khir - खीर),Sweet,Rice pudding with milk and sugar,per 100 g edible portion,145,4.5,2.8,1.2,0.3,22.0,13.0,4.0,0.3,15,70,68,45,0.03,8,0.4,0.12,0.5,0.35,0.04,0.3,0.2,0.1,0.5,110,0.02,0.2,12,0.05,90,130,3,0.5,22.95,"Approximate; raw foods reference-style, prepared foods recipe estimate"
99,Suji Halwa,Suji ko Haluwa,सुजीको हलुवा,Suji Halwa (Suji ko Haluwa - सुजीको हलुवा),Sweet,Semolina halwa,per 100 g edible portion,260,10.0,5.5,3.0,1.0,39.0,20.0,4.0,1.0,20,120,45,35,0.12,15,0.3,0.12,2.0,0.3,0.08,0.2,0.2,0.8,1,35,0.08,1.2,22,0.25,75,95,8,0.7,25.01,"Approximate; raw foods reference-style, prepared foods recipe estimate"
100,Jeri,Jeri,जेरी,Jeri (Jeri - जेरी),Sweet,Deep-fried syrup sweet,per 100 g edible portion,400,15.0,3.0,5.0,5.5,65.0,45.0,3.0,0.5,0,180,16,0,0.04,5,0,0.03,0.5,0.1,0.03,0,0,1.2,0,15,0.05,0.6,10,0.1,40,45,2,0.3,13.31,"Approximate; raw foods reference-style, prepared foods recipe estimate"
101,Samosa,Samosa,समोसा,Samosa (Samosa - समोसा),Snack,Potato-filled fried pastry,per 100 g edible portion,260,13.0,2.0,4.5,5.0,32.0,2.0,5.0,3.0,0,520,44,15,0.12,30,0,0.08,2.0,0.35,0.2,6,0,1.2,5,25,0.15,1.8,40,0.6,110,250,8,0.9,42.73,"Approximate; raw foods reference-style, prepared foods recipe estimate"
102,Pakora,Pakoda,पकौडा,Pakora (Pakoda - पकौडा),Snack,Vegetable gram-flour fritter,per 100 g edible portion,300,17.0,2.2,5.5,7.5,30.0,3.0,7.0,4.0,0,550,38,70,0.15,65,0,0.1,1.5,0.5,0.2,7,0,1.5,12,45,0.25,2.0,55,0.7,145,300,5,1.1,56.61,"Approximate; raw foods reference-style, prepared foods recipe estimate"
103,Chana Chatpate,Chatpate,चटपटे,Chana Chatpate (Chatpate - चटपटे),Snack,"Puffed rice, chickpea, potato, onion mix",per 100 g edible portion,150,4.0,0.6,1.2,1.6,24.0,3.0,5.0,4.0,0,600,65,25,0.08,45,0,0.06,1.0,0.35,0.15,10,0,0.6,4,35,0.18,1.5,35,0.5,100,250,2,0.9,47.9,"Approximate; raw foods reference-style, prepared foods recipe estimate"
104,Sukuti,Sukuti,सुकुटी,Sukuti (Sukuti - सुकुटी),Meat,"Dried buffalo/goat meat, cooked/seasoned",per 100 g edible portion,270,12.0,4.5,4.5,1.5,3.0,1.0,37.0,0.5,100,900,42,10,0.12,10,3.0,0.22,7.0,0.9,0.45,2,0.2,0.5,3,20,0.18,4.5,30,0.05,290,430,28,7.0,100,"Approximate; raw foods reference-style, prepared foods recipe estimate"
105,Choila,Choila,छोइला,Choila (Choila - छोइला),Meat,Spiced grilled buffalo meat,per 100 g edible portion,210,11.0,4.0,4.0,1.5,4.0,1.2,24.0,0.7,80,650,57,15,0.1,10,2.4,0.18,6.0,0.8,0.4,4,0.1,0.6,4,25,0.15,3.5,28,0.06,220,330,22,5.0,100,"Approximate; raw foods reference-style, prepared foods recipe estimate"
106,Sekuwa,Sekuwa,सेकुवा,Sekuwa (Sekuwa - सेकुवा),Meat,"Grilled meat, typical",per 100 g edible portion,220,13.0,4.5,5.0,1.5,2.0,0.5,24.0,0.2,85,550,59,8,0.1,8,2.0,0.17,6.0,0.8,0.38,1,0.2,0.5,3,20,0.12,3.0,25,0.04,215,320,22,4.0,96.89,"Approximate; raw foods reference-style, prepared foods recipe estimate"
107,Fried Rice,Bhuteko Bhat,भुटेको भात,Fried Rice (Bhuteko Bhat - भुटेको भात),Prepared Meal,Rice stir-fried with vegetables/egg average,per 100 g edible portion,190,6.0,1.2,2.2,2.1,29.0,1.5,5.0,1.5,25,450,57,65,0.06,25,0.3,0.09,1.5,0.35,0.12,5,0.3,0.7,5,25,0.1,1.0,24,0.3,90,160,7,0.8,31.97,"Approximate; raw foods reference-style, prepared foods recipe estimate"
108,Tarkari,Mixed Tarkari,मिश्रित तरकारी,Tarkari (Mixed Tarkari - मिश्रित तरकारी),Vegetable,Mixed seasonal vegetable curry,per 100 g edible portion,75,3.5,0.6,1.2,1.3,10.0,3.0,2.5,3.0,0,280,83,160,0.07,35,0,0.08,1.2,0.35,0.16,18,0,0.8,35,50,0.14,1.1,32,0.45,70,250,1,0.7,36.11,"Approximate; raw foods reference-style, prepared foods recipe estimate"
109,Saag,Saag,साग,Saag (Saag - साग),Leafy Vegetable,Cooked leafy greens with light oil,per 100 g edible portion,60,3.0,0.5,0.9,1.2,5.0,1.0,3.0,3.5,0,250,86,400,0.08,100,0,0.15,1.2,0.4,0.22,18,0,1.5,300,120,0.18,2.5,55,0.75,65,420,1,0.7,49.85,"Approximate; raw foods reference-style, prepared foods recipe estimate"
110,Corn on the Cob,Makai,मकै,Corn on the Cob (Makai - मकै),Staple,Boiled sweet corn kernels,per 100 g edible portion,96,1.5,0.2,0.4,0.6,21.0,4.5,3.4,2.4,0,1,73,9,0.09,42,0,0.06,1.7,0.8,0.14,5.5,0,0.1,0.4,3,0.05,0.45,26,0.17,77,218,0.2,0.62,29.21,"Approximate; raw foods reference-style, prepared foods recipe estimate"
111,Roasted Corn,Bhuteko Makai,भुटेको मकै,Roasted Corn (Bhuteko Makai - भुटेको मकै),Snack,Dry roasted corn,per 100 g edible portion,365,4.7,0.7,1.3,2.2,74.0,1.0,9.4,7.3,0,6,10,11,0.39,19,0,0.2,3.6,0.42,0.62,0,0,0.5,0.3,7,0.27,2.7,127,0.49,210,287,15,2.2,81.23,"Approximate; raw foods reference-style, prepared foods recipe estimate"
112,Roasted Gram,Bhuteko Chana,भुटेको चना,Roasted Gram (Bhuteko Chana - भुटेको चना),Snack,Dry roasted chickpeas,per 100 g edible portion,364,6.0,0.6,1.4,2.7,61.0,10.7,19.0,17.0,0,24,5,3,0.48,282,0,0.21,1.5,1.6,0.54,4,0,0.8,9,105,0.85,6.2,115,2.2,366,875,8,3.4,100,"Approximate; raw foods reference-style, prepared foods recipe estimate"
113,Chaku,Chaku,चाकु,Chaku (Chaku - चाकु),Sweet,Traditional concentrated cane jaggery,per 100 g edible portion,380,0.1,0,0,0,98.0,85.0,0.4,0,0,25,1,0,0.01,1,0,0.02,0.2,0.1,0.01,0,0,0,0,80,0.3,5.0,70,0.2,20,105,1,0.3,19.63,"Approximate; raw foods reference-style, prepared foods recipe estimate"
114,Sugarcane Juice,Ukhu ko Ras,उखुको रस,Sugarcane Juice (Ukhu ko Ras - उखुको रस),Beverage,Fresh sugarcane juice,per 100 g edible portion,60,0.1,0,0,0,15.0,13.0,0.2,0.2,0,5,84,0,0.01,1,0,0.01,0.1,0.05,0.02,2,0,0,0,10,0.04,0.4,12,0.08,6,40,0.2,0.1,4.6,"Approximate; raw foods reference-style, prepared foods recipe estimate"
